Run_ID,Status,Duration_Years,Ending_Corpus,Avg_Return_Percent,Avg_Inflation_Percent
1,Failed,18,0,6.03%,5.78%
2,Failed,19,0,7.43%,6.07%
3,Failed,19,0,6.17%,6.09%
4,Failed,29,0,10.74%,6.31%
5,Failed,23,0,8.39%,5.57%
6,Failed,23,0,8.72%,6.42%
7,Failed,17,0,6.53%,6.27%
8,Failed,19,0,7.28%,5.72%
9,Failed,19,0,7.80%,5.83%
10,Failed,21,0,8.58%,6.30%
11,Failed,19,0,8.91%,5.47%
12,Failed,18,0,7.68%,6.02%
13,Failed,22,0,8.98%,6.26%
14,Failed,23,0,9.12%,6.01%
15,Failed,18,0,6.84%,6.08%
16,Failed,25,0,9.00%,6.10%
17,Failed,15,0,4.45%,5.85%
18,Failed,20,0,9.06%,5.36%
19,Failed,19,0,7.97%,5.77%
20,Success,30,10081906,10.31%,5.97%
21,Failed,18,0,8.70%,6.11%
22,Failed,17,0,5.98%,5.95%
23,Failed,17,0,7.17%,6.02%
24,Failed,22,0,9.19%,6.44%
25,Success,30,32566799,10.68%,6.03%
26,Failed,27,0,9.25%,6.06%
27,Failed,18,0,7.99%,5.81%
28,Failed,26,0,10.12%,6.40%
29,Failed,17,0,5.60%,6.05%
30,Failed,28,0,10.21%,5.81%
31,Failed,26,0,8.81%,5.90%
32,Failed,26,0,9.43%,5.75%
33,Failed,17,0,7.97%,5.96%
34,Failed,27,0,10.77%,6.19%
35,Failed,18,0,8.02%,5.83%
36,Failed,19,0,10.37%,5.87%
37,Failed,18,0,8.51%,6.60%
38,Failed,20,0,9.76%,5.45%
39,Failed,16,0,6.04%,6.38%
40,Failed,19,0,8.19%,5.91%
41,Failed,19,0,8.13%,5.97%
42,Failed,21,0,8.65%,5.90%
43,Failed,16,0,4.65%,5.49%
44,Failed,14,0,4.99%,5.98%
45,Failed,16,0,6.66%,6.32%
46,Failed,23,0,8.37%,5.86%
47,Success,30,7683294,11.63%,6.03%
48,Failed,27,0,9.28%,6.24%
49,Failed,20,0,9.29%,5.99%
50,Failed,17,0,8.80%,6.20%
51,Failed,25,0,9.66%,5.80%
52,Failed,28,0,8.63%,5.96%
53,Failed,26,0,9.09%,5.77%
54,Failed,26,0,10.98%,6.29%
55,Failed,16,0,5.29%,6.39%
56,Failed,15,0,4.33%,6.14%
57,Failed,18,0,6.90%,6.46%
58,Failed,21,0,8.70%,5.88%
59,Failed,18,0,7.93%,5.99%
60,Failed,22,0,7.90%,6.25%
61,Failed,17,0,8.07%,5.91%
62,Failed,19,0,9.36%,6.33%
63,Failed,16,0,7.99%,6.71%
64,Failed,29,0,9.04%,6.20%
65,Success,30,34305909,11.44%,5.98%
66,Success,30,82614683,11.57%,5.70%
67,Failed,22,0,10.62%,6.02%
68,Failed,18,0,8.63%,5.78%
69,Failed,21,0,8.79%,6.12%
70,Failed,21,0,7.80%,6.07%
71,Failed,18,0,7.64%,5.98%
72,Failed,16,0,7.37%,6.32%
73,Failed,18,0,7.68%,6.25%
74,Failed,21,0,9.06%,5.66%
75,Success,30,80755321,11.85%,5.82%
76,Failed,19,0,8.56%,6.08%
77,Failed,23,0,8.28%,5.84%
78,Success,30,5925237,9.59%,5.67%
79,Failed,26,0,9.42%,6.33%
80,Failed,20,0,9.66%,6.58%
81,Failed,23,0,10.23%,5.99%
82,Failed,24,0,7.86%,5.77%
83,Failed,16,0,6.45%,6.03%
84,Failed,18,0,7.67%,5.99%
85,Success,30,44365145,9.80%,6.33%
86,Failed,16,0,6.74%,5.95%
87,Failed,25,0,8.90%,6.39%
88,Failed,24,0,10.20%,5.80%
89,Failed,21,0,9.39%,6.19%
90,Failed,20,0,8.38%,5.84%
91,Failed,20,0,9.49%,5.47%
92,Failed,19,0,9.96%,5.54%
93,Failed,14,0,5.08%,6.31%
94,Failed,20,0,9.14%,6.19%
95,Failed,24,0,9.80%,6.09%
96,Failed,22,0,8.33%,5.84%
97,Failed,19,0,6.79%,6.22%
98,Failed,15,0,7.39%,6.06%
99,Failed,24,0,9.29%,6.05%
100,Failed,22,0,7.32%,5.65%
101,Failed,17,0,9.42%,6.26%
102,Failed,24,0,8.54%,6.14%
103,Success,30,4842393,8.76%,5.44%
104,Failed,17,0,6.78%,5.92%
105,Failed,16,0,3.89%,6.39%
106,Failed,24,0,9.75%,5.97%
107,Success,30,18095205,10.75%,5.72%
108,Success,30,6471291,9.55%,6.02%
109,Failed,19,0,9.94%,5.99%
110,Failed,24,0,8.53%,5.91%
111,Failed,18,0,8.29%,6.07%
112,Failed,19,0,8.59%,5.95%
113,Failed,18,0,7.80%,5.65%
114,Failed,21,0,6.79%,6.17%
115,Failed,20,0,6.74%,6.14%
116,Failed,27,0,11.23%,6.05%
117,Failed,25,0,9.38%,5.97%
118,Failed,27,0,8.80%,5.86%
119,Failed,22,0,9.74%,6.17%
120,Failed,23,0,9.67%,6.31%
121,Failed,23,0,8.50%,6.23%
122,Failed,20,0,7.83%,6.42%
123,Failed,19,0,9.55%,6.10%
124,Failed,23,0,11.27%,5.82%
125,Failed,30,0,9.28%,5.94%
126,Failed,14,0,3.98%,6.72%
127,Failed,19,0,8.24%,5.86%
128,Failed,22,0,10.20%,5.67%
129,Failed,15,0,4.47%,6.34%
130,Failed,27,0,10.44%,5.98%
131,Failed,16,0,7.02%,6.23%
132,Failed,17,0,6.58%,6.29%
133,Success,30,73880482,12.34%,5.89%
134,Failed,24,0,10.44%,6.11%
135,Failed,20,0,7.61%,6.49%
136,Failed,23,0,10.24%,6.32%
137,Failed,24,0,9.58%,6.08%
138,Failed,18,0,6.73%,6.12%
139,Failed,20,0,7.44%,5.36%
140,Failed,23,0,7.85%,5.93%
141,Failed,16,0,6.60%,6.52%
142,Failed,24,0,8.22%,6.13%
143,Failed,24,0,7.98%,5.83%
144,Failed,25,0,9.58%,5.98%
145,Failed,18,0,6.46%,5.18%
146,Failed,25,0,9.86%,6.40%
147,Failed,17,0,9.34%,6.20%
148,Failed,25,0,7.01%,6.17%
149,Failed,16,0,6.87%,5.68%
150,Failed,16,0,6.92%,5.72%
151,Failed,14,0,4.92%,6.60%
152,Failed,19,0,5.67%,6.05%
153,Failed,18,0,8.20%,6.69%
154,Failed,16,0,5.14%,6.38%
155,Failed,20,0,7.22%,6.41%
156,Failed,18,0,8.28%,6.37%
157,Failed,15,0,2.87%,5.84%
158,Failed,21,0,7.90%,5.86%
159,Failed,27,0,9.87%,6.03%
160,Failed,19,0,8.35%,6.01%
161,Failed,28,0,11.26%,6.09%
162,Failed,24,0,8.86%,5.98%
163,Failed,19,0,8.06%,5.86%
164,Failed,16,0,5.27%,6.39%
165,Failed,23,0,11.91%,6.30%
166,Failed,18,0,8.48%,6.14%
167,Success,30,35953734,10.79%,5.52%
168,Failed,18,0,7.02%,5.63%
169,Failed,24,0,9.13%,6.03%
170,Failed,17,0,8.48%,5.68%
171,Failed,23,0,7.82%,6.42%
172,Failed,18,0,7.99%,6.14%
173,Failed,26,0,10.36%,5.76%
174,Failed,27,0,9.80%,5.81%
175,Failed,15,0,5.52%,6.02%
176,Failed,20,0,8.00%,5.87%
177,Failed,16,0,6.94%,6.13%
178,Failed,20,0,7.09%,5.64%
179,Failed,17,0,6.68%,6.00%
180,Failed,28,0,11.06%,5.99%
181,Failed,23,0,8.68%,5.90%
182,Failed,21,0,9.44%,6.68%
183,Failed,16,0,6.00%,6.01%
184,Failed,17,0,8.68%,5.66%
185,Failed,18,0,6.20%,5.44%
186,Failed,28,0,10.46%,5.77%
187,Failed,26,0,9.24%,5.45%
188,Failed,17,0,5.74%,6.06%
189,Failed,22,0,8.53%,6.32%
190,Failed,19,0,8.88%,5.96%
191,Failed,16,0,6.68%,6.00%
192,Failed,24,0,8.11%,5.87%
193,Failed,28,0,11.08%,5.80%
194,Failed,28,0,10.00%,6.03%
195,Failed,16,0,2.85%,5.95%
196,Failed,29,0,10.68%,5.78%
197,Failed,19,0,9.74%,6.24%
198,Failed,20,0,8.50%,6.41%
199,Success,30,642203,9.84%,5.95%
200,Failed,18,0,8.71%,6.33%
201,Failed,26,0,8.01%,6.13%
202,Success,30,4046591,11.51%,6.09%
203,Failed,20,0,7.15%,5.77%
204,Failed,18,0,6.69%,5.98%
205,Failed,24,0,8.75%,6.23%
206,Failed,20,0,9.57%,5.92%
207,Failed,18,0,8.81%,5.83%
208,Failed,22,0,9.17%,6.14%
209,Success,30,33437720,9.94%,6.05%
210,Failed,17,0,8.15%,6.94%
211,Failed,27,0,10.57%,6.50%
212,Failed,29,0,9.55%,5.85%
213,Failed,19,0,9.26%,5.93%
214,Failed,17,0,6.27%,6.23%
215,Failed,20,0,7.68%,5.87%
216,Failed,28,0,8.41%,6.10%
217,Failed,22,0,8.33%,6.11%
218,Failed,17,0,8.49%,6.23%
219,Failed,18,0,8.40%,5.57%
220,Failed,23,0,8.18%,5.66%
221,Success,30,8811918,10.82%,5.70%
222,Failed,20,0,8.16%,5.61%
223,Failed,19,0,6.68%,6.57%
224,Failed,23,0,8.76%,6.36%
225,Failed,15,0,8.31%,5.74%
226,Failed,23,0,9.81%,5.69%
227,Failed,28,0,8.33%,5.90%
228,Success,30,16331039,10.81%,5.58%
229,Failed,18,0,6.81%,6.16%
230,Failed,16,0,7.48%,6.21%
231,Failed,23,0,10.29%,5.50%
232,Failed,19,0,8.37%,6.25%
233,Failed,20,0,7.71%,5.75%
234,Failed,16,0,4.33%,6.40%
235,Success,30,53416109,10.76%,5.81%
236,Success,30,88209160,12.04%,6.29%
237,Failed,20,0,7.95%,5.38%
238,Failed,18,0,7.86%,6.10%
239,Failed,22,0,8.83%,5.82%
240,Failed,22,0,8.63%,5.56%
241,Failed,25,0,8.91%,5.94%
242,Failed,17,0,8.27%,6.12%
243,Failed,24,0,8.50%,5.93%
244,Failed,20,0,8.81%,5.51%
245,Failed,18,0,6.84%,5.97%
246,Failed,18,0,7.17%,5.31%
247,Failed,17,0,9.33%,6.18%
248,Failed,24,0,7.94%,5.54%
249,Failed,17,0,6.69%,5.74%
250,Failed,18,0,6.71%,5.88%
251,Failed,19,0,7.18%,6.22%
252,Failed,19,0,10.20%,5.58%
253,Failed,26,0,10.05%,5.81%
254,Failed,18,0,8.63%,6.57%
255,Failed,20,0,8.18%,5.70%
256,Failed,21,0,8.59%,6.81%
257,Failed,26,0,9.79%,6.04%
258,Failed,18,0,8.48%,6.43%
259,Failed,18,0,8.13%,6.16%
260,Failed,27,0,9.09%,5.80%
261,Failed,19,0,8.58%,6.06%
262,Failed,23,0,7.13%,5.91%
263,Failed,18,0,5.19%,5.67%
264,Failed,24,0,8.07%,6.00%
265,Failed,20,0,6.94%,6.17%
266,Failed,16,0,5.70%,6.51%
267,Failed,20,0,5.45%,5.79%
268,Failed,22,0,8.18%,5.67%
269,Failed,22,0,8.75%,5.93%
270,Failed,18,0,7.50%,6.27%
271,Failed,15,0,2.88%,5.75%
272,Failed,21,0,8.27%,6.67%
273,Failed,20,0,9.24%,5.99%
274,Failed,18,0,7.41%,6.00%
275,Failed,20,0,7.71%,5.88%
276,Failed,23,0,11.39%,6.03%
277,Failed,23,0,9.48%,5.44%
278,Failed,25,0,9.23%,5.72%
279,Failed,18,0,7.56%,5.67%
280,Failed,19,0,8.63%,5.91%
281,Failed,18,0,8.40%,5.29%
282,Failed,19,0,8.65%,6.14%
283,Failed,16,0,5.12%,5.62%
284,Failed,14,0,5.39%,5.67%
285,Failed,21,0,8.18%,6.16%
286,Failed,24,0,9.51%,5.97%
287,Failed,15,0,4.09%,5.39%
288,Failed,15,0,6.40%,5.96%
289,Failed,26,0,9.88%,5.96%
290,Failed,21,0,11.65%,5.82%
291,Failed,28,0,10.44%,6.05%
292,Success,30,7721681,11.05%,6.03%
293,Failed,20,0,7.51%,6.13%
294,Failed,15,0,6.68%,6.50%
295,Failed,25,0,9.81%,5.82%
296,Failed,16,0,6.94%,6.38%
297,Failed,27,0,10.18%,6.11%
298,Failed,20,0,8.38%,6.57%
299,Failed,20,0,10.10%,6.22%
300,Failed,13,0,5.52%,6.25%
301,Failed,18,0,7.57%,6.89%
302,Failed,14,0,3.00%,5.59%
303,Failed,25,0,9.43%,6.21%
304,Failed,23,0,9.63%,6.37%
305,Success,30,21155001,12.44%,6.00%
306,Failed,22,0,7.01%,5.87%
307,Failed,25,0,9.81%,6.42%
308,Failed,26,0,8.63%,5.80%
309,Failed,22,0,9.08%,5.75%
310,Success,30,87049805,11.48%,6.38%
311,Failed,20,0,7.52%,5.99%
312,Failed,22,0,9.31%,6.42%
313,Failed,22,0,9.06%,6.35%
314,Failed,17,0,7.47%,6.26%
315,Failed,16,0,6.42%,6.18%
316,Failed,15,0,5.99%,5.82%
317,Failed,24,0,8.65%,5.95%
318,Failed,19,0,10.74%,6.44%
319,Failed,22,0,11.03%,6.23%
320,Failed,21,0,6.42%,6.05%
321,Failed,19,0,7.56%,5.64%
322,Failed,20,0,7.56%,6.55%
323,Failed,19,0,9.43%,5.65%
324,Failed,21,0,8.53%,5.90%
325,Failed,23,0,9.35%,5.97%
326,Failed,26,0,9.18%,5.94%
327,Failed,22,0,8.52%,5.58%
328,Failed,16,0,8.54%,6.57%
329,Failed,23,0,8.79%,6.06%
330,Failed,19,0,7.78%,6.20%
331,Failed,17,0,6.51%,6.12%
332,Success,30,53157676,11.21%,5.80%
333,Failed,28,0,10.53%,5.89%
334,Failed,18,0,7.61%,5.41%
335,Failed,17,0,8.07%,6.70%
336,Failed,27,0,10.03%,6.25%
337,Failed,21,0,9.00%,6.13%
338,Failed,18,0,7.10%,6.13%
339,Success,30,49242172,12.26%,6.03%
340,Failed,20,0,8.95%,5.98%
341,Failed,21,0,8.38%,5.98%
342,Failed,16,0,4.94%,5.96%
343,Failed,17,0,5.37%,5.94%
344,Failed,22,0,11.41%,6.40%
345,Failed,22,0,8.13%,6.26%
346,Failed,19,0,7.23%,5.90%
347,Failed,13,0,3.42%,6.17%
348,Failed,25,0,9.81%,5.83%
349,Failed,25,0,11.14%,5.61%
350,Failed,29,0,11.11%,6.17%
351,Failed,25,0,10.49%,5.78%
352,Failed,20,0,7.39%,5.61%
353,Failed,17,0,8.53%,6.09%
354,Failed,22,0,8.43%,5.95%
355,Failed,19,0,7.75%,6.71%
356,Failed,23,0,8.69%,5.97%
357,Failed,20,0,9.00%,6.38%
358,Failed,18,0,7.13%,6.07%
359,Success,30,47473509,12.06%,6.07%
360,Failed,19,0,6.75%,5.68%
361,Failed,15,0,4.70%,6.14%
362,Failed,23,0,8.87%,6.07%
363,Failed,22,0,8.82%,5.65%
364,Failed,19,0,8.75%,6.24%
365,Failed,20,0,8.59%,6.28%
366,Failed,22,0,8.82%,5.58%
367,Failed,18,0,6.08%,6.48%
368,Failed,21,0,7.34%,5.86%
369,Failed,21,0,7.72%,5.86%
370,Failed,24,0,8.72%,5.81%
371,Failed,16,0,6.94%,6.27%
372,Failed,24,0,7.96%,5.74%
373,Failed,19,0,7.69%,5.85%
374,Failed,25,0,10.35%,5.93%
375,Failed,21,0,8.86%,5.54%
376,Failed,21,0,8.74%,5.95%
377,Failed,21,0,8.99%,5.96%
378,Failed,20,0,6.40%,5.56%
379,Failed,19,0,7.90%,6.40%
380,Failed,23,0,8.83%,5.65%
381,Failed,25,0,10.16%,5.68%
382,Failed,25,0,9.44%,5.49%
383,Failed,25,0,11.18%,5.64%
384,Failed,16,0,5.35%,5.80%
385,Failed,16,0,4.78%,6.65%
386,Failed,29,0,7.49%,5.69%
387,Failed,18,0,6.00%,5.77%
388,Failed,21,0,8.41%,6.26%
389,Success,30,16644481,10.58%,6.00%
390,Success,30,48082698,12.23%,6.23%
391,Failed,20,0,6.76%,6.04%
392,Failed,23,0,9.94%,5.69%
393,Failed,24,0,9.55%,5.94%
394,Success,30,44443609,10.94%,6.03%
395,Failed,21,0,7.90%,6.12%
396,Failed,22,0,7.74%,5.52%
397,Failed,28,0,9.06%,5.88%
398,Failed,15,0,4.05%,6.11%
399,Failed,16,0,5.36%,6.02%
400,Failed,19,0,6.28%,5.97%
401,Failed,17,0,6.23%,5.67%
402,Failed,21,0,8.43%,6.12%
403,Failed,24,0,9.91%,6.44%
404,Failed,28,0,10.52%,6.12%
405,Failed,20,0,8.31%,6.30%
406,Failed,27,0,9.27%,6.04%
407,Failed,26,0,10.06%,6.31%
408,Failed,29,0,10.06%,6.19%
409,Failed,22,0,8.67%,6.25%
410,Failed,24,0,10.18%,6.21%
411,Failed,16,0,5.60%,6.36%
412,Failed,20,0,8.84%,6.20%
413,Failed,22,0,6.27%,6.00%
414,Failed,14,0,4.33%,6.56%
415,Failed,15,0,6.48%,5.43%
416,Failed,16,0,4.20%,6.06%
417,Failed,21,0,7.67%,5.56%
418,Failed,23,0,7.61%,6.27%
419,Success,30,68208699,12.44%,5.79%
420,Success,30,70384835,12.52%,6.15%
421,Failed,24,0,9.54%,5.80%
422,Failed,22,0,8.42%,6.09%
423,Success,30,63832145,10.98%,6.10%
424,Failed,17,0,7.44%,5.91%
425,Success,30,1351732,10.94%,6.39%
426,Failed,14,0,5.95%,6.52%
427,Failed,19,0,7.05%,5.22%
428,Failed,15,0,7.75%,6.17%
429,Success,30,27470732,10.76%,5.68%
430,Failed,29,0,10.48%,5.89%
431,Failed,19,0,7.97%,6.14%
432,Failed,25,0,10.95%,6.11%
433,Failed,20,0,6.19%,6.06%
434,Failed,17,0,6.42%,5.99%
435,Failed,21,0,6.37%,5.48%
436,Failed,26,0,9.64%,5.91%
437,Failed,21,0,6.95%,5.66%
438,Failed,18,0,5.90%,5.68%
439,Failed,19,0,8.30%,6.32%
440,Failed,16,0,7.88%,6.49%
441,Failed,18,0,6.46%,6.45%
442,Failed,20,0,9.19%,5.66%
443,Failed,21,0,9.78%,6.38%
444,Failed,19,0,9.71%,6.11%
445,Failed,21,0,9.81%,6.21%
446,Failed,22,0,10.03%,6.53%
447,Failed,23,0,9.60%,5.71%
448,Failed,25,0,9.93%,6.47%
449,Failed,15,0,7.69%,5.65%
450,Failed,23,0,10.30%,6.27%
451,Failed,19,0,6.80%,5.77%
452,Failed,14,0,5.77%,6.71%
453,Failed,23,0,11.02%,5.73%
454,Success,30,6918557,9.74%,5.92%
455,Failed,23,0,10.09%,6.11%
456,Failed,17,0,7.83%,6.17%
457,Failed,18,0,8.12%,5.91%
458,Failed,20,0,6.47%,6.15%
459,Failed,15,0,6.17%,6.06%
460,Failed,25,0,10.39%,6.21%
461,Failed,18,0,8.12%,6.16%
462,Failed,21,0,10.18%,6.10%
463,Success,30,50146645,11.03%,6.16%
464,Failed,19,0,6.50%,5.82%
465,Failed,15,0,4.50%,5.95%
466,Failed,19,0,10.18%,6.16%
467,Failed,29,0,10.79%,6.23%
468,Failed,23,0,9.73%,5.90%
469,Failed,14,0,4.17%,6.71%
470,Failed,21,0,6.78%,5.91%
471,Failed,24,0,8.94%,5.17%
472,Failed,17,0,6.18%,5.93%
473,Failed,20,0,8.33%,5.93%
474,Failed,18,0,6.51%,6.03%
475,Failed,26,0,9.85%,5.60%
476,Failed,22,0,10.05%,5.96%
477,Failed,21,0,9.38%,5.96%
478,Failed,23,0,9.54%,6.46%
479,Failed,21,0,9.25%,6.33%
480,Failed,23,0,7.19%,5.97%
481,Failed,17,0,8.38%,6.60%
482,Failed,25,0,8.67%,6.30%
483,Failed,24,0,8.54%,6.36%
484,Failed,25,0,7.72%,5.73%
485,Failed,22,0,10.20%,6.02%
486,Failed,22,0,9.82%,5.93%
487,Success,30,12864183,10.37%,5.86%
488,Failed,19,0,7.52%,6.19%
489,Failed,22,0,9.12%,5.75%
490,Failed,17,0,4.96%,6.49%
491,Failed,21,0,10.27%,6.43%
492,Failed,20,0,8.07%,6.04%
493,Failed,17,0,7.44%,5.66%
494,Failed,19,0,7.55%,6.43%
495,Failed,27,0,10.37%,6.33%
496,Failed,22,0,8.78%,5.70%
497,Failed,15,0,4.12%,5.29%
498,Failed,30,0,11.53%,6.07%
499,Failed,20,0,5.95%,6.13%
500,Failed,19,0,10.33%,6.78%
501,Success,30,19327003,8.96%,6.03%
502,Failed,29,0,10.03%,5.59%
503,Failed,21,0,8.32%,5.68%
504,Failed,15,0,5.74%,5.58%
505,Failed,18,0,8.92%,6.61%
506,Failed,22,0,8.13%,5.77%
507,Success,30,11292825,10.27%,6.21%
508,Success,30,24843529,11.06%,5.88%
509,Failed,17,0,6.61%,5.33%
510,Failed,20,0,8.48%,5.96%
511,Failed,28,0,10.32%,5.91%
512,Failed,16,0,6.21%,6.51%
513,Failed,28,0,10.07%,5.92%
514,Failed,22,0,8.80%,5.84%
515,Failed,21,0,8.40%,5.73%
516,Failed,15,0,2.28%,5.30%
517,Failed,12,0,1.53%,6.49%
518,Failed,24,0,8.10%,5.28%
519,Failed,15,0,6.99%,6.40%
520,Failed,22,0,8.84%,6.10%
521,Failed,23,0,9.71%,6.40%
522,Failed,18,0,6.01%,5.93%
523,Failed,19,0,9.84%,5.75%
524,Failed,19,0,7.47%,6.94%
525,Failed,20,0,6.23%,5.43%
526,Failed,25,0,11.20%,6.52%
527,Failed,19,0,7.79%,5.90%
528,Failed,20,0,9.82%,6.39%
529,Failed,22,0,9.32%,6.27%
530,Failed,18,0,7.36%,5.82%
531,Failed,28,0,10.49%,6.05%
532,Failed,24,0,8.79%,6.04%
533,Failed,15,0,4.85%,6.49%
534,Failed,25,0,9.56%,5.68%
535,Failed,14,0,5.04%,5.78%
536,Failed,20,0,6.96%,5.59%
537,Failed,18,0,11.04%,6.41%
538,Failed,17,0,6.61%,6.09%
539,Failed,30,0,10.30%,6.17%
540,Failed,14,0,5.17%,6.32%
541,Failed,13,0,3.84%,6.57%
542,Failed,21,0,9.34%,5.87%
543,Failed,18,0,6.22%,6.01%
544,Failed,17,0,8.57%,6.15%
545,Failed,24,0,8.76%,6.25%
546,Failed,19,0,6.98%,5.96%
547,Failed,21,0,8.74%,6.13%
548,Failed,19,0,8.26%,5.79%
549,Failed,18,0,8.00%,5.81%
550,Failed,19,0,9.05%,6.25%
551,Failed,24,0,8.03%,6.22%
552,Failed,24,0,8.33%,5.69%
553,Failed,14,0,5.54%,6.37%
554,Failed,17,0,7.10%,6.29%
555,Failed,16,0,4.82%,5.80%
556,Failed,17,0,6.22%,5.84%
557,Failed,22,0,7.97%,6.37%
558,Failed,15,0,4.18%,5.29%
559,Failed,23,0,9.54%,6.13%
560,Failed,22,0,9.68%,5.93%
561,Failed,14,0,3.30%,5.58%
562,Failed,25,0,9.40%,5.81%
563,Failed,23,0,6.70%,5.46%
564,Failed,17,0,7.18%,6.25%
565,Failed,30,0,11.40%,6.11%
566,Failed,22,0,8.50%,5.71%
567,Failed,23,0,8.88%,5.92%
568,Failed,22,0,7.65%,6.54%
569,Failed,17,0,5.87%,5.45%
570,Failed,25,0,11.73%,5.93%
571,Failed,22,0,8.06%,6.18%
572,Failed,15,0,5.50%,5.85%
573,Failed,21,0,7.38%,6.18%
574,Failed,19,0,9.18%,6.02%
575,Failed,15,0,6.03%,6.05%
576,Failed,18,0,5.94%,6.05%
577,Failed,17,0,6.49%,5.49%
578,Failed,27,0,9.39%,6.09%
579,Failed,20,0,9.22%,6.24%
580,Failed,21,0,8.59%,6.19%
581,Failed,16,0,5.67%,5.67%
582,Failed,14,0,5.98%,6.25%
583,Failed,25,0,8.54%,6.44%
584,Failed,20,0,7.28%,5.91%
585,Failed,24,0,9.46%,5.91%
586,Failed,20,0,8.08%,5.65%
587,Failed,18,0,7.98%,5.59%
588,Failed,26,0,8.22%,6.12%
589,Failed,19,0,5.79%,5.69%
590,Failed,24,0,10.15%,5.58%
591,Failed,27,0,8.32%,5.81%
592,Success,30,35637531,10.09%,5.71%
593,Failed,26,0,8.24%,5.76%
594,Failed,25,0,10.78%,5.90%
595,Failed,28,0,10.28%,6.11%
596,Failed,22,0,9.17%,5.97%
597,Failed,20,0,7.56%,5.90%
598,Failed,25,0,9.34%,6.02%
599,Failed,24,0,10.46%,6.26%
600,Failed,19,0,8.31%,5.97%
601,Failed,27,0,9.93%,5.57%
602,Failed,19,0,8.40%,6.07%
603,Failed,19,0,7.60%,6.20%
604,Failed,27,0,8.89%,5.86%
605,Failed,28,0,9.30%,6.15%
606,Failed,20,0,9.88%,6.19%
607,Success,30,53017156,12.30%,6.21%
608,Failed,16,0,5.47%,5.82%
609,Failed,16,0,5.15%,6.39%
610,Failed,17,0,8.67%,6.06%
611,Failed,22,0,9.37%,6.07%
612,Failed,20,0,7.96%,5.93%
613,Failed,20,0,8.23%,6.27%
614,Failed,16,0,4.54%,5.90%
615,Failed,19,0,8.96%,5.87%
616,Failed,19,0,7.43%,5.59%
617,Failed,21,0,7.92%,5.91%
618,Failed,19,0,7.29%,5.98%
619,Failed,25,0,9.40%,6.40%
620,Failed,22,0,9.12%,5.78%
621,Failed,15,0,7.25%,6.23%
622,Failed,16,0,7.17%,6.12%
623,Failed,16,0,6.51%,6.11%
624,Failed,22,0,9.64%,5.98%
625,Failed,23,0,9.68%,5.90%
626,Success,30,31122664,11.36%,5.59%
627,Failed,17,0,6.80%,5.62%
628,Failed,18,0,7.42%,6.27%
629,Failed,17,0,7.60%,5.47%
630,Failed,18,0,7.07%,6.10%
631,Failed,19,0,7.76%,6.20%
632,Failed,22,0,8.86%,6.41%
633,Success,30,60174474,10.89%,6.02%
634,Failed,21,0,9.34%,6.46%
635,Failed,16,0,3.82%,6.09%
636,Failed,16,0,8.84%,6.43%
637,Failed,17,0,6.77%,5.97%
638,Failed,26,0,11.32%,6.11%
639,Success,30,38334258,11.57%,6.37%
640,Failed,16,0,3.61%,5.98%
641,Failed,15,0,6.40%,6.19%
642,Failed,21,0,9.10%,5.96%
643,Failed,27,0,9.39%,5.36%
644,Failed,17,0,6.91%,6.06%
645,Success,30,31781311,11.47%,5.72%
646,Failed,14,0,4.19%,5.76%
647,Failed,14,0,4.43%,6.04%
648,Failed,17,0,5.42%,5.48%
649,Failed,20,0,7.08%,5.96%
650,Failed,18,0,6.83%,5.65%
651,Failed,22,0,8.62%,6.39%
652,Failed,18,0,8.31%,5.74%
653,Failed,20,0,8.22%,6.22%
654,Failed,16,0,6.88%,6.07%
655,Failed,20,0,10.83%,5.50%
656,Failed,17,0,6.29%,5.69%
657,Failed,18,0,8.52%,6.16%
658,Failed,19,0,8.67%,6.42%
659,Failed,16,0,7.09%,6.09%
660,Failed,19,0,9.37%,6.46%
661,Failed,25,0,8.73%,5.88%
662,Failed,20,0,7.88%,5.82%
663,Failed,16,0,6.31%,6.43%
664,Failed,16,0,4.76%,6.40%
665,Failed,30,0,9.29%,5.76%
666,Failed,20,0,7.96%,6.56%
667,Failed,22,0,9.40%,6.31%
668,Failed,18,0,7.86%,5.94%
669,Failed,21,0,7.70%,6.03%
670,Failed,18,0,7.96%,5.65%
671,Failed,17,0,7.79%,6.36%
672,Failed,23,0,8.43%,5.74%
673,Success,30,26541108,11.29%,6.03%
674,Failed,19,0,7.50%,5.29%
675,Failed,29,0,10.35%,5.88%
676,Success,30,1582846,10.98%,6.27%
677,Failed,17,0,8.55%,6.11%
678,Failed,17,0,5.49%,5.55%
679,Failed,19,0,8.55%,5.64%
680,Failed,25,0,9.71%,5.84%
681,Failed,22,0,9.90%,5.54%
682,Success,30,45245367,11.56%,6.20%
683,Failed,20,0,7.79%,5.49%
684,Failed,17,0,5.95%,6.06%
685,Failed,16,0,4.51%,6.27%
686,Failed,17,0,7.01%,6.20%
687,Failed,18,0,7.31%,6.02%
688,Failed,18,0,6.69%,6.02%
689,Failed,16,0,4.70%,5.74%
690,Failed,27,0,9.77%,5.82%
691,Failed,22,0,8.20%,6.18%
692,Failed,15,0,5.19%,6.33%
693,Failed,24,0,10.12%,5.77%
694,Failed,21,0,9.53%,6.20%
695,Failed,27,0,8.68%,5.77%
696,Failed,23,0,10.01%,5.65%
697,Failed,20,0,8.68%,6.16%
698,Failed,19,0,5.22%,5.56%
699,Failed,25,0,12.57%,5.61%
700,Failed,17,0,7.88%,5.99%
701,Failed,16,0,7.76%,6.70%
702,Failed,26,0,10.56%,6.22%
703,Failed,17,0,7.02%,6.52%
704,Failed,24,0,8.89%,6.16%
705,Failed,21,0,9.96%,5.86%
706,Failed,19,0,9.60%,5.97%
707,Failed,21,0,8.08%,5.79%
708,Failed,15,0,6.26%,5.79%
709,Failed,24,0,9.16%,6.36%
710,Failed,17,0,6.88%,6.63%
711,Failed,19,0,7.75%,5.96%
712,Failed,18,0,7.69%,6.67%
713,Failed,27,0,9.24%,5.68%
714,Failed,16,0,5.90%,6.45%
715,Failed,20,0,6.67%,5.48%
716,Failed,22,0,9.00%,6.28%
717,Failed,19,0,8.74%,6.17%
718,Failed,14,0,5.40%,6.00%
719,Failed,25,0,8.42%,6.41%
720,Failed,28,0,11.00%,5.67%
721,Failed,18,0,7.90%,6.18%
722,Failed,21,0,10.00%,6.47%
723,Failed,19,0,7.18%,6.09%
724,Failed,20,0,10.60%,6.00%
725,Failed,19,0,9.00%,5.85%
726,Failed,21,0,7.27%,5.91%
727,Failed,20,0,8.13%,5.74%
728,Failed,18,0,6.64%,5.83%
729,Success,30,9397367,10.87%,6.20%
730,Failed,16,0,5.22%,6.02%
731,Failed,18,0,9.35%,5.76%
732,Failed,22,0,8.29%,6.48%
733,Failed,25,0,10.11%,6.32%
734,Success,30,9242829,8.82%,6.01%
735,Failed,20,0,7.00%,5.59%
736,Failed,22,0,7.63%,5.78%
737,Success,30,48086341,11.36%,5.56%
738,Failed,23,0,8.12%,6.22%
739,Failed,18,0,7.40%,5.83%
740,Failed,15,0,6.33%,5.51%
741,Failed,21,0,7.71%,5.85%
742,Failed,21,0,7.69%,5.57%
743,Failed,18,0,7.55%,6.75%
744,Failed,14,0,4.83%,5.81%
745,Failed,21,0,7.21%,6.31%
746,Failed,22,0,8.38%,5.59%
747,Failed,16,0,5.62%,5.53%
748,Failed,29,0,10.14%,5.96%
749,Failed,21,0,8.33%,5.93%
750,Success,30,6146515,10.56%,6.01%
751,Failed,22,0,8.71%,5.75%
752,Failed,24,0,9.72%,5.47%
753,Failed,20,0,7.70%,6.08%
754,Failed,23,0,9.04%,5.88%
755,Failed,23,0,6.97%,6.51%
756,Failed,15,0,4.84%,5.84%
757,Failed,24,0,9.98%,5.84%
758,Failed,16,0,6.69%,6.24%
759,Failed,30,0,10.17%,5.74%
760,Failed,21,0,8.45%,5.45%
761,Failed,20,0,9.79%,5.80%
762,Failed,17,0,8.60%,5.26%
763,Success,30,12986678,11.32%,6.40%
764,Failed,18,0,7.65%,5.54%
765,Failed,16,0,8.55%,6.31%
766,Failed,16,0,6.13%,6.03%
767,Failed,19,0,7.77%,6.83%
768,Failed,17,0,5.82%,5.66%
769,Failed,18,0,7.64%,6.17%
770,Failed,26,0,8.56%,5.79%
771,Failed,19,0,9.27%,6.52%
772,Failed,21,0,8.45%,6.01%
773,Failed,14,0,4.38%,5.84%
774,Failed,21,0,6.83%,5.91%
775,Failed,22,0,8.30%,6.03%
776,Success,30,12509749,10.80%,5.82%
777,Failed,21,0,7.51%,6.04%
778,Failed,19,0,8.93%,5.97%
779,Failed,24,0,8.13%,6.21%
780,Failed,17,0,7.11%,7.18%
781,Failed,28,0,8.65%,6.10%
782,Failed,25,0,9.66%,6.19%
783,Failed,23,0,8.74%,6.36%
784,Failed,18,0,8.60%,5.82%
785,Failed,18,0,4.57%,5.71%
786,Failed,20,0,9.62%,5.82%
787,Failed,21,0,9.53%,6.32%
788,Failed,18,0,7.70%,5.95%
789,Failed,27,0,10.41%,6.24%
790,Failed,18,0,5.44%,5.47%
791,Failed,22,0,9.92%,5.74%
792,Failed,20,0,8.25%,6.01%
793,Failed,20,0,8.46%,6.56%
794,Failed,17,0,5.17%,5.62%
795,Failed,27,0,11.38%,6.08%
796,Failed,19,0,8.75%,6.00%
797,Failed,18,0,8.92%,6.10%
798,Failed,20,0,7.25%,5.46%
799,Failed,21,0,8.73%,5.85%
800,Failed,25,0,10.09%,6.59%
801,Failed,17,0,6.36%,6.24%
802,Failed,15,0,7.26%,6.64%
803,Failed,16,0,5.42%,6.05%
804,Failed,21,0,8.28%,5.95%
805,Failed,20,0,8.11%,6.11%
806,Success,30,1515308,9.93%,6.28%
807,Failed,20,0,9.66%,6.13%
808,Failed,25,0,9.84%,6.14%
809,Failed,21,0,7.81%,6.32%
810,Failed,21,0,7.92%,5.53%
811,Success,30,2872874,9.44%,5.75%
812,Failed,19,0,7.18%,6.03%
813,Failed,21,0,9.40%,6.63%
814,Success,30,54244517,10.71%,6.17%
815,Failed,14,0,4.84%,5.87%
816,Failed,17,0,8.14%,6.06%
817,Failed,21,0,7.58%,5.99%
818,Failed,23,0,10.07%,5.47%
819,Success,30,48824111,10.08%,5.42%
820,Success,30,8530377,10.38%,6.06%
821,Failed,25,0,9.97%,5.94%
822,Failed,18,0,8.14%,6.15%
823,Failed,24,0,8.59%,5.77%
824,Failed,26,0,8.00%,5.62%
825,Failed,21,0,6.17%,5.65%
826,Failed,18,0,9.22%,5.89%
827,Failed,21,0,8.32%,5.79%
828,Failed,19,0,8.43%,6.21%
829,Failed,26,0,8.29%,5.90%
830,Success,30,74399141,11.14%,5.74%
831,Failed,27,0,10.20%,6.67%
832,Failed,17,0,5.25%,5.99%
833,Success,30,78129793,11.33%,5.68%
834,Failed,17,0,6.07%,6.33%
835,Failed,21,0,9.32%,6.17%
836,Failed,18,0,8.57%,5.93%
837,Failed,20,0,7.87%,5.51%
838,Failed,22,0,9.34%,5.93%
839,Failed,22,0,8.49%,6.14%
840,Failed,20,0,6.58%,6.31%
841,Failed,29,0,10.79%,6.11%
842,Failed,19,0,7.28%,6.49%
843,Failed,18,0,10.11%,5.72%
844,Failed,24,0,7.48%,6.10%
845,Failed,18,0,7.35%,5.97%
846,Failed,16,0,4.19%,5.28%
847,Failed,25,0,10.66%,6.32%
848,Failed,16,0,7.46%,6.29%
849,Failed,25,0,9.90%,6.16%
850,Failed,26,0,9.15%,6.31%
851,Failed,21,0,6.37%,5.53%
852,Failed,14,0,2.31%,5.89%
853,Success,30,34070563,10.00%,5.95%
854,Success,30,55669246,11.46%,5.79%
855,Failed,21,0,8.25%,6.41%
856,Failed,20,0,6.18%,6.12%
857,Failed,23,0,8.44%,6.19%
858,Failed,21,0,6.71%,6.52%
859,Failed,18,0,5.51%,6.34%
860,Failed,19,0,9.48%,6.59%
861,Failed,19,0,7.19%,6.15%
862,Failed,17,0,7.47%,6.26%
863,Failed,19,0,8.87%,6.15%
864,Failed,14,0,5.09%,6.79%
865,Failed,19,0,6.53%,5.57%
866,Success,30,13579280,11.35%,6.24%
867,Failed,21,0,8.52%,6.14%
868,Failed,20,0,8.35%,5.86%
869,Failed,21,0,9.51%,5.99%
870,Failed,22,0,8.49%,6.61%
871,Failed,17,0,7.70%,5.47%
872,Failed,22,0,10.68%,5.74%
873,Failed,22,0,7.51%,6.28%
874,Failed,21,0,8.62%,6.20%
875,Failed,23,0,8.45%,6.21%
876,Failed,25,0,10.45%,6.26%
877,Failed,22,0,8.57%,5.91%
878,Failed,24,0,8.44%,6.18%
879,Failed,13,0,3.16%,6.55%
880,Failed,20,0,6.97%,5.87%
881,Failed,19,0,8.64%,5.98%
882,Failed,24,0,8.83%,5.60%
883,Failed,15,0,4.53%,6.01%
884,Failed,19,0,8.74%,6.08%
885,Failed,16,0,7.10%,6.27%
886,Failed,16,0,4.36%,5.76%
887,Failed,20,0,7.68%,5.23%
888,Failed,24,0,9.24%,6.49%
889,Failed,18,0,7.10%,6.36%
890,Failed,23,0,10.81%,5.67%
891,Success,30,38005664,9.14%,6.15%
892,Failed,22,0,9.85%,5.98%
893,Success,30,6245314,8.01%,5.27%
894,Failed,26,0,7.75%,5.82%
895,Failed,28,0,10.47%,5.46%
896,Failed,22,0,7.55%,5.85%
897,Failed,25,0,9.03%,5.58%
898,Failed,15,0,7.55%,6.26%
899,Failed,17,0,6.84%,6.38%
900,Failed,22,0,8.20%,6.33%
901,Failed,23,0,9.59%,5.75%
902,Failed,25,0,10.67%,6.14%
903,Success,30,18142641,11.57%,6.12%
904,Failed,28,0,11.07%,5.79%
905,Failed,29,0,10.29%,6.24%
906,Failed,24,0,10.52%,6.13%
907,Failed,25,0,9.22%,6.52%
908,Failed,21,0,9.14%,5.89%
909,Failed,20,0,8.23%,5.89%
910,Failed,17,0,7.04%,5.73%
911,Failed,21,0,7.64%,5.62%
912,Success,30,22852616,10.05%,6.06%
913,Success,30,57648591,12.49%,5.55%
914,Failed,21,0,7.87%,5.94%
915,Failed,18,0,8.67%,6.21%
916,Failed,28,0,9.04%,5.79%
917,Failed,20,0,7.16%,6.48%
918,Failed,23,0,9.21%,5.48%
919,Failed,24,0,8.78%,5.63%
920,Success,30,42514374,10.89%,5.58%
921,Failed,12,0,1.14%,5.14%
922,Failed,21,0,6.90%,6.20%
923,Failed,19,0,6.82%,5.65%
924,Failed,20,0,9.56%,6.17%
925,Failed,17,0,6.64%,6.08%
926,Failed,29,0,8.44%,5.91%
927,Failed,24,0,8.91%,6.04%
928,Success,30,39577,9.19%,5.73%
929,Failed,19,0,8.07%,5.58%
930,Failed,20,0,6.74%,5.05%
931,Failed,19,0,7.55%,6.30%
932,Failed,25,0,10.30%,6.24%
933,Failed,15,0,6.50%,6.17%
934,Failed,20,0,8.91%,5.60%
935,Failed,17,0,7.01%,5.98%
936,Failed,20,0,8.67%,6.13%
937,Failed,17,0,5.37%,6.29%
938,Failed,19,0,7.57%,6.27%
939,Failed,19,0,8.35%,6.20%
940,Failed,18,0,10.63%,6.71%
941,Failed,28,0,11.56%,5.59%
942,Success,30,22578157,10.55%,5.88%
943,Failed,24,0,9.58%,5.95%
944,Failed,14,0,5.00%,6.15%
945,Failed,27,0,10.88%,6.22%
946,Failed,23,0,7.89%,5.93%
947,Failed,23,0,9.20%,6.13%
948,Failed,21,0,8.12%,5.83%
949,Failed,18,0,8.38%,5.90%
950,Success,30,378892,11.14%,5.93%
951,Failed,17,0,7.43%,6.75%
952,Failed,16,0,5.41%,5.88%
953,Failed,19,0,6.55%,5.92%
954,Failed,22,0,9.88%,5.97%
955,Failed,18,0,6.13%,5.79%
956,Failed,19,0,7.39%,5.80%
957,Failed,17,0,7.17%,5.91%
958,Failed,18,0,8.70%,5.63%
959,Success,30,148673010,12.45%,6.02%
960,Failed,21,0,7.68%,5.89%
961,Failed,30,0,9.51%,6.20%
962,Failed,19,0,10.09%,6.44%
963,Failed,19,0,7.76%,6.16%
964,Failed,20,0,8.38%,5.90%
965,Failed,18,0,6.91%,5.80%
966,Failed,17,0,4.89%,5.96%
967,Failed,20,0,9.38%,6.22%
968,Failed,27,0,8.89%,6.19%
969,Failed,19,0,8.02%,5.86%
970,Failed,19,0,8.91%,5.88%
971,Failed,16,0,6.69%,5.34%
972,Failed,26,0,9.32%,5.85%
973,Failed,21,0,9.00%,6.11%
974,Failed,23,0,7.52%,5.77%
975,Failed,19,0,6.91%,6.02%
976,Failed,16,0,7.07%,5.67%
977,Failed,30,0,9.44%,6.16%
978,Failed,18,0,8.29%,6.38%
979,Failed,17,0,6.43%,5.87%
980,Failed,20,0,7.19%,5.30%
981,Failed,19,0,8.21%,6.62%
982,Failed,20,0,8.73%,5.78%
983,Failed,18,0,8.12%,6.29%
984,Failed,19,0,9.85%,6.53%
985,Failed,20,0,8.37%,6.56%
986,Failed,25,0,9.28%,5.82%
987,Failed,21,0,7.63%,6.24%
988,Failed,21,0,10.55%,5.81%
989,Failed,17,0,7.79%,6.73%
990,Failed,30,0,9.60%,6.35%
991,Failed,22,0,8.89%,6.07%
992,Failed,20,0,7.14%,5.76%
993,Failed,26,0,10.29%,5.91%
994,Failed,19,0,8.13%,6.40%
995,Failed,26,0,9.39%,5.93%
996,Success,30,66698559,11.57%,5.48%
997,Failed,21,0,8.74%,6.30%
998,Failed,29,0,8.62%,5.97%
999,Failed,25,0,8.48%,5.79%
1000,Failed,24,0,7.63%,5.48%
1001,Failed,16,0,6.21%,5.79%
1002,Failed,16,0,7.98%,6.55%
1003,Failed,24,0,8.36%,5.89%
1004,Failed,16,0,4.97%,6.09%
1005,Failed,17,0,7.96%,6.10%
1006,Failed,17,0,8.56%,6.00%
1007,Failed,30,0,9.16%,5.56%
1008,Failed,25,0,9.40%,6.03%
1009,Failed,16,0,5.24%,6.72%
1010,Failed,20,0,7.61%,6.10%
1011,Failed,22,0,8.26%,5.84%
1012,Failed,20,0,10.09%,6.30%
1013,Failed,15,0,6.03%,6.64%
1014,Failed,23,0,9.42%,6.10%
1015,Failed,17,0,5.63%,6.50%
1016,Success,30,1049879,9.33%,5.69%
1017,Failed,15,0,4.85%,5.38%
1018,Failed,20,0,9.28%,7.13%
1019,Failed,21,0,8.25%,5.64%
1020,Failed,28,0,9.62%,5.92%
1021,Failed,21,0,9.43%,6.19%
1022,Failed,18,0,7.93%,5.97%
1023,Failed,19,0,8.73%,5.92%
1024,Success,30,680952,9.07%,5.96%
1025,Success,30,67581020,11.04%,5.58%
1026,Failed,20,0,10.05%,5.94%
1027,Failed,27,0,9.01%,5.55%
1028,Failed,20,0,9.16%,6.02%
1029,Failed,18,0,6.83%,5.88%
1030,Success,30,1653123,10.84%,6.08%
1031,Failed,28,0,9.06%,5.73%
1032,Failed,27,0,8.73%,5.66%
1033,Failed,17,0,8.72%,6.15%
1034,Failed,19,0,7.93%,5.98%
1035,Failed,25,0,8.76%,6.30%
1036,Failed,29,0,10.35%,5.99%
1037,Failed,19,0,4.90%,5.74%
1038,Failed,16,0,6.69%,6.37%
1039,Failed,28,0,9.61%,6.14%
1040,Failed,18,0,6.28%,6.05%
1041,Failed,25,0,9.72%,6.52%
1042,Failed,26,0,8.96%,5.62%
1043,Failed,18,0,5.77%,5.83%
1044,Failed,29,0,9.79%,6.36%
1045,Failed,19,0,8.70%,5.89%
1046,Failed,22,0,9.69%,6.01%
1047,Failed,17,0,6.86%,5.51%
1048,Failed,19,0,6.54%,5.98%
1049,Failed,30,0,9.65%,6.30%
1050,Failed,26,0,8.63%,5.83%
1051,Failed,19,0,7.49%,6.61%
1052,Failed,17,0,6.95%,6.14%
1053,Failed,23,0,9.05%,5.79%
1054,Failed,17,0,5.54%,5.59%
1055,Failed,16,0,7.85%,5.88%
1056,Failed,22,0,9.08%,5.83%
1057,Failed,18,0,8.15%,5.87%
1058,Failed,28,0,10.12%,5.69%
1059,Failed,23,0,9.47%,5.77%
1060,Failed,16,0,8.29%,6.18%
1061,Failed,30,0,10.49%,5.95%
1062,Failed,26,0,8.85%,5.78%
1063,Failed,19,0,6.41%,5.87%
1064,Failed,20,0,9.10%,6.11%
1065,Failed,20,0,7.95%,6.32%
1066,Failed,16,0,6.77%,6.11%
1067,Failed,26,0,9.34%,5.32%
1068,Failed,22,0,9.17%,6.11%
1069,Failed,20,0,9.88%,6.41%
1070,Failed,16,0,5.11%,6.30%
1071,Failed,26,0,7.97%,5.80%
1072,Failed,19,0,8.09%,6.36%
1073,Failed,19,0,7.91%,6.29%
1074,Failed,17,0,4.89%,6.26%
1075,Failed,21,0,9.71%,6.18%
1076,Failed,19,0,7.98%,6.20%
1077,Failed,22,0,8.53%,6.08%
1078,Failed,19,0,8.12%,6.46%
1079,Failed,19,0,8.86%,5.59%
1080,Success,30,6827049,9.60%,6.13%
1081,Failed,26,0,9.02%,5.90%
1082,Failed,18,0,7.06%,5.80%
1083,Failed,27,0,10.45%,6.01%
1084,Success,30,2968656,9.41%,6.03%
1085,Failed,20,0,8.05%,6.24%
1086,Failed,20,0,7.70%,5.85%
1087,Success,30,55896613,11.55%,6.12%
1088,Failed,25,0,11.29%,6.51%
1089,Failed,28,0,10.79%,6.02%
1090,Success,30,29439469,10.90%,5.83%
1091,Failed,18,0,7.45%,6.07%
1092,Failed,26,0,10.83%,5.99%
1093,Failed,19,0,9.33%,6.17%
1094,Failed,17,0,7.57%,6.18%
1095,Failed,19,0,8.56%,5.86%
1096,Failed,27,0,12.07%,5.74%
1097,Failed,24,0,8.95%,5.88%
1098,Failed,19,0,7.97%,6.45%
1099,Failed,28,0,9.73%,5.63%
1100,Failed,20,0,6.53%,5.77%
1101,Failed,18,0,8.22%,5.50%
1102,Failed,17,0,7.68%,6.50%
1103,Failed,21,0,8.00%,5.68%
1104,Failed,18,0,7.30%,5.92%
1105,Failed,15,0,5.73%,6.09%
1106,Failed,21,0,9.02%,6.23%
1107,Failed,18,0,7.47%,6.37%
1108,Failed,16,0,6.10%,7.18%
1109,Failed,25,0,10.21%,6.23%
1110,Failed,20,0,9.14%,6.13%
1111,Failed,16,0,6.49%,6.13%
1112,Failed,19,0,7.03%,6.35%
1113,Success,30,38686576,10.76%,5.97%
1114,Failed,17,0,6.51%,5.62%
1115,Failed,13,0,5.16%,7.10%
1116,Failed,26,0,9.50%,5.75%
1117,Success,30,30657185,9.68%,5.88%
1118,Failed,24,0,8.66%,6.47%
1119,Failed,21,0,10.44%,6.42%
1120,Failed,19,0,7.80%,6.22%
1121,Failed,14,0,4.14%,5.79%
1122,Failed,23,0,8.82%,6.07%
1123,Failed,20,0,7.41%,5.78%
1124,Failed,25,0,9.55%,5.73%
1125,Failed,18,0,7.41%,6.22%
1126,Failed,15,0,6.68%,5.81%
1127,Failed,19,0,9.88%,6.38%
1128,Failed,19,0,8.29%,6.07%
1129,Failed,17,0,6.63%,6.35%
1130,Failed,18,0,6.67%,5.83%
1131,Failed,26,0,10.90%,5.96%
1132,Failed,20,0,7.55%,5.45%
1133,Success,30,9930026,10.03%,5.99%
1134,Failed,17,0,7.43%,6.04%
1135,Failed,21,0,8.87%,5.97%
1136,Failed,19,0,6.34%,5.75%
1137,Failed,16,0,6.15%,5.26%
1138,Failed,23,0,10.22%,6.06%
1139,Failed,18,0,4.49%,6.22%
1140,Failed,21,0,8.12%,5.82%
1141,Failed,18,0,6.09%,6.15%
1142,Failed,22,0,9.24%,6.59%
1143,Failed,17,0,6.95%,6.27%
1144,Failed,18,0,7.28%,6.70%
1145,Failed,30,0,8.95%,5.67%
1146,Success,30,6428814,9.95%,5.98%
1147,Failed,18,0,8.32%,6.09%
1148,Failed,24,0,9.54%,5.78%
1149,Failed,23,0,10.58%,6.43%
1150,Failed,22,0,9.06%,5.30%
1151,Failed,21,0,9.82%,5.41%
1152,Failed,28,0,10.66%,6.40%
1153,Failed,19,0,8.19%,5.82%
1154,Success,30,6862593,11.97%,5.98%
1155,Failed,15,0,4.87%,6.53%
1156,Failed,20,0,9.39%,6.32%
1157,Failed,21,0,6.98%,6.18%
1158,Failed,18,0,5.90%,5.90%
1159,Failed,17,0,4.74%,6.56%
1160,Failed,21,0,9.03%,5.70%
1161,Failed,27,0,9.63%,6.11%
1162,Failed,20,0,9.43%,6.00%
1163,Failed,26,0,7.37%,6.02%
1164,Failed,21,0,9.10%,6.53%
1165,Failed,21,0,7.59%,6.76%
1166,Success,30,26085711,10.88%,5.98%
1167,Failed,23,0,9.01%,5.96%
1168,Failed,20,0,6.33%,6.04%
1169,Failed,25,0,8.13%,5.65%
1170,Failed,21,0,9.52%,5.91%
1171,Failed,24,0,8.88%,6.39%
1172,Failed,16,0,5.96%,5.31%
1173,Failed,14,0,5.08%,5.34%
1174,Failed,18,0,8.68%,6.02%
1175,Failed,18,0,8.21%,6.41%
1176,Failed,24,0,7.76%,5.22%
1177,Failed,13,0,5.66%,6.90%
1178,Failed,15,0,4.08%,6.14%
1179,Failed,16,0,7.81%,5.90%
1180,Failed,22,0,10.10%,6.73%
1181,Failed,19,0,6.47%,6.02%
1182,Failed,18,0,4.56%,5.92%
1183,Failed,23,0,7.59%,6.17%
1184,Failed,28,0,11.44%,5.69%
1185,Failed,21,0,9.58%,5.71%
1186,Failed,18,0,5.92%,6.41%
1187,Failed,16,0,4.85%,6.32%
1188,Failed,28,0,9.03%,5.36%
1189,Success,30,150641953,14.45%,6.11%
1190,Failed,26,0,11.08%,6.03%
1191,Failed,19,0,8.71%,5.74%
1192,Failed,18,0,8.10%,5.80%
1193,Failed,17,0,5.79%,6.05%
1194,Failed,22,0,9.36%,5.78%
1195,Failed,17,0,7.62%,5.56%
1196,Failed,24,0,9.82%,5.91%
1197,Failed,21,0,8.83%,5.77%
1198,Failed,15,0,4.64%,6.55%
1199,Failed,24,0,8.29%,5.49%
1200,Failed,21,0,11.06%,6.28%
1201,Failed,22,0,7.83%,6.17%
1202,Failed,28,0,10.50%,5.66%
1203,Failed,27,0,11.45%,5.84%
1204,Failed,18,0,7.36%,6.28%
1205,Failed,14,0,4.04%,5.64%
1206,Failed,27,0,9.60%,5.87%
1207,Failed,26,0,8.79%,6.07%
1208,Success,30,7090673,11.56%,5.95%
1209,Failed,19,0,8.40%,6.05%
1210,Failed,16,0,5.66%,5.87%
1211,Failed,24,0,9.34%,6.33%
1212,Failed,17,0,6.10%,6.54%
1213,Failed,17,0,5.51%,6.08%
1214,Success,30,97939148,11.14%,5.79%
1215,Failed,19,0,7.61%,6.78%
1216,Failed,17,0,6.44%,6.24%
1217,Failed,17,0,6.98%,6.28%
1218,Failed,21,0,9.13%,5.65%
1219,Failed,20,0,8.67%,5.92%
1220,Failed,17,0,7.75%,5.83%
1221,Failed,23,0,9.00%,6.04%
1222,Failed,25,0,10.22%,5.87%
1223,Failed,17,0,8.30%,6.19%
1224,Failed,25,0,9.55%,6.28%
1225,Failed,18,0,7.73%,6.44%
1226,Failed,17,0,5.51%,5.37%
1227,Failed,15,0,6.60%,6.12%
1228,Failed,22,0,8.75%,5.94%
1229,Failed,22,0,8.51%,5.72%
1230,Failed,20,0,6.07%,6.22%
1231,Failed,21,0,8.36%,6.35%
1232,Failed,24,0,8.38%,5.48%
1233,Failed,25,0,10.15%,5.75%
1234,Failed,17,0,7.37%,5.81%
1235,Failed,17,0,7.15%,6.30%
1236,Failed,17,0,5.77%,6.28%
1237,Failed,18,0,5.97%,5.89%
1238,Failed,29,0,11.73%,5.69%
1239,Failed,22,0,9.47%,6.16%
1240,Failed,23,0,6.61%,5.92%
1241,Failed,22,0,9.53%,6.23%
1242,Failed,16,0,6.74%,5.29%
1243,Success,30,27211066,10.38%,5.50%
1244,Failed,17,0,6.89%,6.20%
1245,Failed,23,0,8.04%,5.70%
1246,Failed,18,0,7.86%,6.29%
1247,Failed,21,0,9.37%,6.33%
1248,Failed,18,0,8.26%,5.93%
1249,Failed,29,0,9.49%,6.09%
1250,Failed,16,0,3.78%,5.83%
1251,Failed,18,0,9.48%,5.81%
1252,Failed,17,0,6.42%,5.83%
1253,Failed,26,0,9.40%,6.08%
1254,Failed,21,0,6.59%,5.82%
1255,Failed,28,0,10.61%,6.09%
1256,Failed,23,0,8.62%,5.98%
1257,Failed,17,0,7.03%,6.26%
1258,Failed,25,0,8.46%,5.87%
1259,Failed,24,0,9.12%,6.04%
1260,Failed,21,0,8.27%,6.13%
1261,Failed,18,0,7.35%,5.79%
1262,Failed,16,0,5.57%,5.96%
1263,Success,30,22922228,9.96%,6.03%
1264,Failed,22,0,9.91%,6.14%
1265,Failed,25,0,10.03%,5.98%
1266,Failed,23,0,9.84%,6.33%
1267,Failed,18,0,6.68%,6.35%
1268,Failed,16,0,5.33%,5.91%
1269,Failed,15,0,7.33%,5.58%
1270,Success,30,213836005,13.01%,5.79%
1271,Failed,25,0,9.25%,5.78%
1272,Failed,21,0,8.96%,6.30%
1273,Failed,17,0,8.08%,5.94%
1274,Failed,20,0,8.19%,6.42%
1275,Failed,22,0,7.81%,5.66%
1276,Failed,22,0,9.55%,6.21%
1277,Failed,20,0,6.98%,5.87%
1278,Failed,17,0,9.17%,6.57%
1279,Failed,23,0,8.55%,5.97%
1280,Failed,18,0,6.57%,6.11%
1281,Failed,23,0,10.83%,6.16%
1282,Failed,22,0,9.25%,6.40%
1283,Failed,18,0,6.78%,6.11%
1284,Failed,18,0,9.86%,6.54%
1285,Failed,19,0,5.28%,6.20%
1286,Failed,19,0,7.63%,5.75%
1287,Failed,15,0,6.42%,6.43%
1288,Failed,16,0,6.94%,6.87%
1289,Failed,20,0,7.92%,5.98%
1290,Failed,20,0,7.94%,6.31%
1291,Failed,15,0,5.17%,5.76%
1292,Failed,29,0,10.89%,6.45%
1293,Failed,19,0,6.75%,6.28%
1294,Failed,18,0,6.14%,6.08%
1295,Failed,19,0,9.07%,6.01%
1296,Failed,24,0,9.01%,6.13%
1297,Failed,20,0,8.32%,6.15%
1298,Failed,19,0,8.28%,5.87%
1299,Failed,30,0,10.54%,5.91%
1300,Failed,16,0,5.61%,6.07%
1301,Failed,18,0,6.74%,5.93%
1302,Failed,20,0,7.09%,5.52%
1303,Failed,17,0,5.46%,5.81%
1304,Failed,17,0,7.36%,6.79%
1305,Failed,17,0,5.74%,6.78%
1306,Failed,18,0,9.41%,6.20%
1307,Failed,20,0,7.13%,5.96%
1308,Failed,23,0,8.65%,6.14%
1309,Failed,22,0,9.55%,5.61%
1310,Failed,25,0,8.24%,6.21%
1311,Failed,17,0,6.92%,5.94%
1312,Failed,23,0,10.08%,6.03%
1313,Failed,23,0,8.88%,5.94%
1314,Failed,22,0,8.12%,6.10%
1315,Failed,17,0,6.15%,5.81%
1316,Failed,18,0,9.17%,6.11%
1317,Failed,15,0,5.43%,5.59%
1318,Failed,24,0,8.00%,5.91%
1319,Failed,28,0,8.60%,5.61%
1320,Failed,17,0,6.53%,5.62%
1321,Failed,18,0,5.65%,5.54%
1322,Failed,18,0,7.51%,6.49%
1323,Failed,28,0,10.64%,6.43%
1324,Failed,20,0,7.58%,5.71%
1325,Failed,20,0,9.12%,6.29%
1326,Failed,13,0,2.20%,6.58%
1327,Failed,21,0,7.80%,6.02%
1328,Failed,17,0,8.72%,5.87%
1329,Failed,17,0,7.36%,6.14%
1330,Failed,19,0,6.98%,6.16%
1331,Failed,29,0,11.76%,6.06%
1332,Failed,19,0,8.53%,6.46%
1333,Failed,19,0,7.57%,5.94%
1334,Failed,15,0,4.50%,5.68%
1335,Failed,15,0,5.02%,5.80%
1336,Failed,21,0,9.46%,5.99%
1337,Failed,26,0,9.37%,5.84%
1338,Failed,14,0,5.57%,5.82%
1339,Failed,20,0,7.67%,6.03%
1340,Failed,17,0,6.08%,6.49%
1341,Failed,23,0,7.83%,6.24%
1342,Failed,17,0,7.40%,5.81%
1343,Failed,19,0,9.27%,6.87%
1344,Failed,15,0,5.91%,6.18%
1345,Failed,16,0,5.70%,5.61%
1346,Failed,16,0,7.55%,6.00%
1347,Failed,19,0,7.58%,6.11%
1348,Failed,15,0,4.76%,6.24%
1349,Failed,19,0,8.56%,6.38%
1350,Failed,19,0,8.40%,6.13%
1351,Failed,20,0,8.46%,5.71%
1352,Failed,17,0,4.73%,5.71%
1353,Failed,22,0,7.89%,6.34%
1354,Failed,18,0,8.91%,5.69%
1355,Failed,27,0,9.39%,6.19%
1356,Failed,20,0,8.77%,5.76%
1357,Failed,24,0,9.65%,6.16%
1358,Failed,20,0,7.61%,6.27%
1359,Failed,28,0,10.76%,5.85%
1360,Failed,20,0,7.83%,5.85%
1361,Failed,16,0,6.87%,6.66%
1362,Failed,17,0,7.13%,6.56%
1363,Failed,27,0,9.60%,5.72%
1364,Failed,25,0,10.16%,6.17%
1365,Failed,22,0,8.55%,5.84%
1366,Failed,20,0,9.53%,6.13%
1367,Failed,20,0,6.29%,5.63%
1368,Success,30,9977489,10.73%,5.72%
1369,Failed,15,0,5.72%,6.78%
1370,Failed,24,0,8.60%,5.57%
1371,Failed,16,0,5.10%,5.98%
1372,Failed,13,0,2.33%,6.29%
1373,Failed,19,0,9.47%,5.71%
1374,Failed,13,0,2.45%,6.39%
1375,Failed,17,0,8.70%,6.18%
1376,Failed,17,0,7.62%,6.45%
1377,Failed,19,0,7.36%,6.00%
1378,Failed,19,0,7.69%,5.78%
1379,Failed,22,0,8.68%,6.13%
1380,Failed,23,0,7.89%,6.29%
1381,Failed,15,0,5.56%,5.84%
1382,Failed,20,0,8.23%,6.16%
1383,Failed,19,0,8.61%,6.08%
1384,Failed,16,0,8.32%,6.48%
1385,Failed,17,0,5.33%,5.60%
1386,Failed,19,0,9.01%,5.79%
1387,Failed,21,0,9.09%,5.94%
1388,Failed,25,0,8.54%,6.25%
1389,Failed,16,0,4.63%,6.09%
1390,Failed,18,0,6.76%,6.36%
1391,Failed,21,0,8.93%,5.87%
1392,Failed,18,0,7.93%,6.04%
1393,Failed,16,0,6.54%,5.88%
1394,Failed,17,0,7.00%,5.20%
1395,Failed,25,0,10.87%,5.51%
1396,Failed,16,0,5.53%,5.89%
1397,Failed,26,0,10.09%,5.65%
1398,Failed,24,0,9.35%,5.74%
1399,Failed,18,0,8.02%,6.45%
1400,Failed,25,0,9.95%,5.81%
1401,Failed,15,0,4.52%,5.97%
1402,Failed,22,0,9.22%,6.23%
1403,Failed,19,0,8.42%,6.02%
1404,Failed,20,0,9.17%,6.43%
1405,Failed,17,0,7.49%,6.07%
1406,Failed,17,0,6.80%,5.56%
1407,Failed,18,0,7.28%,6.40%
1408,Failed,18,0,7.01%,6.11%
1409,Success,30,5549032,10.71%,6.59%
1410,Failed,17,0,8.61%,6.41%
1411,Failed,22,0,10.40%,6.02%
1412,Failed,20,0,9.35%,5.55%
1413,Failed,18,0,6.02%,5.76%
1414,Failed,17,0,5.86%,5.48%
1415,Failed,20,0,6.95%,6.42%
1416,Failed,21,0,6.54%,5.83%
1417,Failed,22,0,9.24%,6.07%
1418,Failed,22,0,8.82%,5.66%
1419,Failed,20,0,10.21%,6.01%
1420,Failed,20,0,6.42%,5.78%
1421,Failed,20,0,8.06%,5.89%
1422,Failed,14,0,5.07%,6.04%
1423,Failed,16,0,5.93%,6.90%
1424,Failed,20,0,5.51%,6.19%
1425,Failed,17,0,6.12%,5.80%
1426,Failed,20,0,8.55%,6.11%
1427,Failed,21,0,7.93%,5.85%
1428,Failed,17,0,6.41%,5.35%
1429,Failed,18,0,7.28%,6.40%
1430,Failed,24,0,10.86%,5.99%
1431,Success,30,2825475,8.82%,5.64%
1432,Success,30,59196634,12.43%,5.97%
1433,Failed,30,0,8.57%,5.90%
1434,Failed,21,0,7.77%,6.27%
1435,Failed,19,0,6.22%,6.70%
1436,Failed,21,0,9.50%,6.32%
1437,Failed,22,0,7.56%,6.11%
1438,Failed,20,0,8.50%,6.17%
1439,Failed,17,0,6.88%,6.38%
1440,Failed,17,0,7.93%,6.53%
1441,Failed,28,0,10.45%,5.82%
1442,Failed,18,0,6.66%,6.13%
1443,Failed,24,0,8.48%,5.37%
1444,Failed,19,0,7.66%,7.06%
1445,Failed,25,0,10.29%,6.47%
1446,Failed,24,0,9.05%,6.17%
1447,Failed,15,0,5.01%,6.39%
1448,Failed,18,0,5.50%,5.71%
1449,Failed,21,0,9.28%,5.93%
1450,Failed,26,0,9.81%,6.01%
1451,Failed,21,0,8.88%,5.87%
1452,Failed,14,0,1.83%,6.28%
1453,Failed,14,0,7.36%,6.17%
1454,Failed,16,0,6.49%,6.31%
1455,Failed,20,0,6.65%,5.68%
1456,Success,30,19169168,9.75%,6.11%
1457,Failed,21,0,8.18%,6.54%
1458,Failed,27,0,8.56%,6.39%
1459,Failed,18,0,7.17%,6.20%
1460,Failed,28,0,9.29%,5.34%
1461,Failed,28,0,9.60%,5.87%
1462,Failed,25,0,9.75%,6.23%
1463,Failed,23,0,8.04%,5.57%
1464,Failed,17,0,7.97%,5.83%
1465,Failed,20,0,7.25%,6.03%
1466,Success,30,18107335,8.48%,5.81%
1467,Success,30,11004252,10.06%,5.61%
1468,Failed,19,0,7.03%,6.55%
1469,Failed,18,0,6.92%,6.10%
1470,Failed,18,0,8.04%,6.03%
1471,Failed,23,0,8.64%,5.95%
1472,Failed,19,0,8.39%,5.59%
1473,Failed,20,0,9.35%,5.87%
1474,Failed,15,0,5.98%,6.31%
1475,Failed,18,0,6.47%,5.67%
1476,Failed,26,0,10.18%,5.86%
1477,Failed,19,0,8.31%,6.09%
1478,Failed,20,0,10.08%,5.72%
1479,Failed,28,0,11.23%,6.58%
1480,Success,30,18977712,12.05%,5.92%
1481,Failed,23,0,9.10%,6.00%
1482,Failed,15,0,5.96%,5.75%
1483,Failed,28,0,9.74%,5.44%
1484,Failed,16,0,7.58%,5.89%
1485,Failed,17,0,7.56%,6.11%
1486,Success,30,1643903,9.80%,5.72%
1487,Failed,28,0,8.48%,5.72%
1488,Failed,19,0,7.29%,6.31%
1489,Failed,17,0,7.58%,5.86%
1490,Failed,21,0,8.71%,5.83%
1491,Failed,17,0,7.11%,5.80%
1492,Failed,21,0,7.91%,6.49%
1493,Failed,19,0,5.90%,5.27%
1494,Failed,23,0,7.47%,5.53%
1495,Failed,15,0,4.59%,6.05%
1496,Failed,19,0,6.56%,5.48%
1497,Failed,18,0,5.86%,6.31%
1498,Failed,23,0,7.10%,6.53%
1499,Failed,20,0,7.24%,5.74%
1500,Success,30,55940609,11.95%,6.43%
1501,Failed,23,0,8.94%,6.06%
1502,Failed,25,0,10.72%,5.98%
1503,Failed,16,0,4.38%,5.94%
1504,Failed,26,0,8.74%,6.76%
1505,Failed,19,0,7.00%,5.84%
1506,Failed,22,0,8.81%,5.82%
1507,Failed,17,0,7.20%,5.88%
1508,Failed,16,0,5.99%,5.66%
1509,Failed,17,0,9.29%,6.19%
1510,Failed,28,0,8.00%,5.87%
1511,Failed,21,0,8.29%,5.83%
1512,Failed,19,0,9.61%,6.53%
1513,Failed,29,0,8.92%,5.78%
1514,Failed,19,0,7.17%,5.83%
1515,Success,30,6006805,9.65%,5.85%
1516,Failed,18,0,6.13%,6.02%
1517,Failed,23,0,9.61%,6.23%
1518,Failed,17,0,8.23%,6.26%
1519,Failed,26,0,8.55%,5.77%
1520,Failed,13,0,5.19%,6.10%
1521,Failed,19,0,7.78%,6.42%
1522,Failed,19,0,6.69%,5.77%
1523,Failed,27,0,8.14%,6.17%
1524,Failed,18,0,8.03%,6.59%
1525,Failed,17,0,5.87%,6.10%
1526,Failed,16,0,7.16%,6.86%
1527,Failed,25,0,10.20%,6.09%
1528,Failed,17,0,6.85%,5.81%
1529,Success,30,120146005,12.14%,6.16%
1530,Success,30,22042686,11.74%,6.52%
1531,Failed,23,0,9.47%,5.72%
1532,Failed,17,0,8.48%,5.71%
1533,Failed,19,0,6.64%,6.27%
1534,Failed,21,0,7.62%,6.15%
1535,Failed,20,0,8.02%,6.09%
1536,Failed,21,0,8.24%,5.97%
1537,Failed,18,0,6.12%,5.85%
1538,Failed,20,0,8.40%,5.76%
1539,Failed,30,0,10.03%,5.55%
1540,Failed,26,0,10.13%,6.53%
1541,Failed,18,0,7.03%,5.81%
1542,Failed,15,0,6.11%,6.23%
1543,Failed,19,0,8.38%,5.97%
1544,Failed,25,0,6.76%,6.12%
1545,Failed,23,0,9.29%,6.18%
1546,Failed,19,0,8.96%,5.36%
1547,Failed,17,0,6.87%,5.31%
1548,Failed,22,0,8.76%,6.23%
1549,Failed,30,0,10.80%,6.36%
1550,Failed,24,0,11.68%,5.78%
1551,Failed,25,0,9.96%,5.56%
1552,Failed,15,0,5.88%,5.97%
1553,Failed,20,0,7.84%,5.83%
1554,Failed,20,0,7.85%,6.18%
1555,Failed,19,0,8.41%,5.72%
1556,Failed,20,0,8.41%,5.78%
1557,Failed,21,0,7.59%,6.13%
1558,Failed,14,0,5.27%,6.29%
1559,Failed,18,0,6.95%,6.09%
1560,Failed,13,0,4.58%,6.47%
1561,Failed,19,0,7.08%,6.34%
1562,Failed,16,0,9.27%,6.66%
1563,Failed,19,0,7.50%,6.18%
1564,Failed,19,0,7.57%,6.26%
1565,Failed,15,0,6.93%,6.04%
1566,Failed,21,0,10.57%,5.96%
1567,Failed,28,0,10.56%,6.11%
1568,Failed,25,0,8.56%,6.23%
1569,Failed,17,0,6.36%,6.22%
1570,Failed,17,0,8.63%,5.52%
1571,Failed,19,0,6.72%,6.05%
1572,Failed,18,0,7.55%,6.06%
1573,Failed,23,0,8.87%,5.95%
1574,Success,30,17003007,12.11%,5.85%
1575,Success,30,51214575,9.60%,6.31%
1576,Failed,24,0,8.08%,5.99%
1577,Failed,16,0,3.05%,6.58%
1578,Failed,26,0,9.86%,6.02%
1579,Success,30,66775223,11.08%,6.25%
1580,Failed,21,0,7.78%,5.74%
1581,Failed,27,0,8.46%,5.79%
1582,Failed,20,0,6.25%,5.61%
1583,Failed,26,0,8.59%,4.97%
1584,Failed,20,0,8.65%,6.25%
1585,Failed,19,0,7.44%,5.40%
1586,Failed,19,0,7.93%,6.12%
1587,Success,30,1480208,10.18%,5.71%
1588,Failed,19,0,7.85%,5.80%
1589,Success,30,11247547,10.93%,6.20%
1590,Failed,18,0,8.21%,5.84%
1591,Failed,16,0,5.82%,6.39%
1592,Failed,28,0,10.57%,6.63%
1593,Failed,19,0,9.76%,5.83%
1594,Failed,20,0,8.40%,6.19%
1595,Failed,20,0,8.32%,6.42%
1596,Failed,22,0,8.97%,5.68%
1597,Failed,19,0,8.84%,6.02%
1598,Failed,19,0,7.82%,5.85%
1599,Failed,17,0,7.63%,6.19%
1600,Failed,14,0,4.87%,5.05%
1601,Failed,14,0,3.35%,6.82%
1602,Failed,24,0,7.76%,5.41%
1603,Success,30,30749025,10.79%,5.85%
1604,Failed,15,0,7.55%,6.00%
1605,Failed,25,0,10.85%,5.66%
1606,Failed,17,0,7.47%,6.31%
1607,Failed,23,0,10.60%,6.56%
1608,Failed,22,0,7.42%,5.22%
1609,Failed,16,0,6.35%,6.02%
1610,Failed,17,0,4.64%,6.25%
1611,Failed,30,0,10.61%,6.19%
1612,Failed,18,0,5.56%,6.20%
1613,Failed,20,0,8.69%,6.35%
1614,Failed,16,0,5.82%,6.03%
1615,Failed,29,0,9.98%,5.88%
1616,Failed,20,0,9.31%,6.41%
1617,Failed,15,0,7.52%,6.12%
1618,Failed,19,0,9.17%,5.70%
1619,Failed,26,0,9.34%,5.62%
1620,Failed,21,0,8.00%,6.02%
1621,Success,30,2845661,8.35%,5.85%
1622,Failed,19,0,4.54%,5.89%
1623,Failed,20,0,7.01%,5.82%
1624,Success,30,25426968,11.97%,5.97%
1625,Failed,15,0,6.72%,6.21%
1626,Failed,19,0,6.44%,6.01%
1627,Failed,17,0,6.61%,5.39%
1628,Failed,17,0,5.74%,6.12%
1629,Failed,22,0,7.40%,6.23%
1630,Success,30,4546736,8.61%,5.82%
1631,Failed,20,0,9.37%,5.77%
1632,Failed,27,0,9.84%,5.99%
1633,Failed,18,0,6.43%,6.35%
1634,Failed,25,0,8.12%,5.68%
1635,Failed,18,0,6.45%,5.44%
1636,Failed,23,0,7.01%,5.81%
1637,Failed,17,0,6.00%,6.45%
1638,Failed,20,0,7.03%,5.87%
1639,Failed,25,0,9.07%,5.70%
1640,Failed,20,0,7.89%,6.24%
1641,Failed,14,0,4.57%,6.45%
1642,Failed,16,0,5.05%,6.03%
1643,Failed,26,0,8.77%,5.88%
1644,Failed,21,0,7.92%,5.88%
1645,Failed,17,0,6.94%,6.30%
1646,Failed,21,0,10.32%,6.05%
1647,Failed,16,0,5.55%,6.24%
1648,Failed,29,0,10.02%,5.65%
1649,Failed,22,0,6.92%,6.09%
1650,Failed,18,0,7.54%,5.80%
1651,Failed,16,0,5.79%,6.10%
1652,Failed,29,0,8.89%,5.92%
1653,Failed,17,0,8.23%,6.27%
1654,Failed,27,0,9.07%,6.19%
1655,Failed,24,0,6.89%,6.03%
1656,Failed,19,0,8.63%,6.64%
1657,Failed,18,0,8.64%,5.91%
1658,Failed,18,0,9.21%,5.66%
1659,Failed,18,0,5.49%,5.91%
1660,Failed,27,0,9.26%,6.09%
1661,Failed,26,0,9.84%,6.43%
1662,Failed,20,0,6.25%,5.57%
1663,Failed,16,0,5.25%,6.02%
1664,Failed,20,0,9.30%,6.88%
1665,Failed,27,0,9.39%,6.05%
1666,Failed,17,0,5.49%,5.59%
1667,Failed,24,0,9.63%,5.66%
1668,Failed,16,0,7.26%,6.54%
1669,Failed,18,0,7.46%,6.11%
1670,Failed,15,0,4.44%,6.16%
1671,Failed,16,0,5.84%,6.21%
1672,Failed,25,0,9.37%,6.01%
1673,Failed,18,0,8.72%,5.69%
1674,Failed,15,0,4.42%,5.51%
1675,Failed,21,0,8.85%,5.77%
1676,Failed,28,0,10.22%,6.18%
1677,Success,30,19293287,11.11%,6.02%
1678,Failed,28,0,10.31%,6.34%
1679,Failed,15,0,5.74%,7.04%
1680,Failed,18,0,6.49%,5.84%
1681,Failed,21,0,9.19%,5.99%
1682,Failed,25,0,10.63%,6.18%
1683,Failed,28,0,9.46%,6.01%
1684,Failed,16,0,5.17%,6.12%
1685,Failed,18,0,7.30%,6.31%
1686,Failed,15,0,4.45%,5.79%
1687,Failed,17,0,7.03%,6.29%
1688,Failed,21,0,5.74%,5.72%
1689,Failed,17,0,5.56%,6.16%
1690,Failed,17,0,7.29%,6.11%
1691,Failed,19,0,7.13%,6.11%
1692,Failed,19,0,5.93%,6.14%
1693,Failed,23,0,9.74%,5.56%
1694,Failed,16,0,5.94%,6.01%
1695,Failed,17,0,5.84%,5.44%
1696,Failed,18,0,6.95%,6.05%
1697,Failed,19,0,8.92%,5.55%
1698,Failed,30,0,10.29%,6.05%
1699,Failed,20,0,8.75%,6.33%
1700,Failed,17,0,5.91%,6.14%
1701,Failed,19,0,8.95%,6.66%
1702,Failed,22,0,8.76%,6.36%
1703,Failed,22,0,8.89%,6.14%
1704,Failed,24,0,7.88%,6.71%
1705,Failed,26,0,8.92%,6.70%
1706,Failed,19,0,7.07%,6.21%
1707,Failed,18,0,8.16%,6.56%
1708,Failed,21,0,8.79%,5.74%
1709,Failed,22,0,9.28%,5.98%
1710,Failed,22,0,10.34%,5.93%
1711,Failed,21,0,8.17%,6.30%
1712,Failed,15,0,4.96%,6.10%
1713,Failed,17,0,6.40%,6.26%
1714,Failed,15,0,5.71%,6.19%
1715,Failed,15,0,5.59%,6.15%
1716,Failed,20,0,7.93%,6.19%
1717,Failed,17,0,6.99%,6.95%
1718,Failed,20,0,8.80%,6.40%
1719,Failed,14,0,3.98%,6.25%
1720,Failed,19,0,9.22%,5.85%
1721,Failed,25,0,8.84%,5.77%
1722,Failed,19,0,5.73%,5.43%
1723,Failed,19,0,8.02%,6.02%
1724,Failed,15,0,4.52%,5.74%
1725,Success,30,12835414,10.47%,5.96%
1726,Failed,27,0,9.65%,5.74%
1727,Failed,15,0,5.14%,5.94%
1728,Failed,14,0,5.33%,5.79%
1729,Success,30,209482981,12.98%,5.99%
1730,Failed,25,0,10.20%,5.39%
1731,Failed,19,0,6.21%,5.80%
1732,Failed,20,0,8.07%,6.23%
1733,Failed,24,0,9.60%,6.70%
1734,Failed,23,0,9.69%,5.41%
1735,Failed,26,0,12.00%,5.65%
1736,Failed,25,0,11.39%,6.50%
1737,Failed,21,0,6.94%,5.73%
1738,Failed,16,0,6.42%,6.21%
1739,Failed,20,0,8.64%,5.78%
1740,Failed,17,0,6.26%,6.19%
1741,Failed,28,0,10.23%,5.78%
1742,Failed,26,0,8.92%,5.64%
1743,Failed,28,0,10.89%,6.63%
1744,Failed,17,0,4.62%,5.65%
1745,Failed,21,0,9.28%,5.75%
1746,Failed,20,0,8.62%,5.92%
1747,Failed,23,0,8.57%,5.67%
1748,Failed,21,0,8.29%,6.70%
1749,Failed,22,0,8.71%,5.79%
1750,Failed,15,0,4.42%,5.75%
1751,Failed,19,0,6.85%,6.06%
1752,Failed,21,0,10.18%,5.81%
1753,Failed,26,0,9.92%,5.96%
1754,Failed,18,0,6.38%,6.46%
1755,Failed,17,0,8.48%,6.41%
1756,Failed,24,0,10.96%,5.79%
1757,Failed,19,0,7.23%,5.63%
1758,Success,30,17170201,10.09%,6.10%
1759,Failed,26,0,9.95%,5.94%
1760,Failed,24,0,8.71%,5.86%
1761,Failed,21,0,7.72%,6.08%
1762,Failed,23,0,9.36%,6.15%
1763,Failed,18,0,6.66%,6.42%
1764,Failed,16,0,6.44%,6.16%
1765,Failed,19,0,7.15%,6.06%
1766,Failed,27,0,9.89%,5.59%
1767,Failed,25,0,9.00%,6.02%
1768,Failed,28,0,10.07%,5.72%
1769,Failed,20,0,8.00%,6.13%
1770,Success,30,11663809,9.44%,5.79%
1771,Failed,17,0,6.93%,5.54%
1772,Failed,23,0,10.24%,5.98%
1773,Failed,17,0,5.37%,5.76%
1774,Failed,17,0,7.02%,5.91%
1775,Failed,20,0,8.12%,5.43%
1776,Failed,26,0,8.93%,5.93%
1777,Failed,14,0,4.85%,5.50%
1778,Failed,23,0,10.24%,6.04%
1779,Failed,17,0,8.36%,5.62%
1780,Failed,20,0,8.48%,6.38%
1781,Success,30,109186549,11.53%,6.06%
1782,Failed,25,0,7.86%,5.80%
1783,Failed,17,0,7.49%,6.08%
1784,Failed,30,0,8.74%,6.37%
1785,Failed,17,0,8.22%,5.91%
1786,Failed,26,0,8.14%,5.93%
1787,Failed,21,0,9.50%,5.76%
1788,Failed,15,0,3.79%,6.75%
1789,Failed,20,0,9.15%,6.01%
1790,Failed,21,0,8.51%,5.94%
1791,Failed,30,0,9.72%,5.87%
1792,Failed,18,0,7.34%,5.58%
1793,Failed,27,0,9.45%,6.03%
1794,Failed,26,0,8.73%,5.59%
1795,Failed,19,0,7.39%,5.93%
1796,Failed,23,0,9.93%,6.18%
1797,Failed,24,0,9.53%,6.22%
1798,Failed,18,0,7.45%,5.53%
1799,Success,30,2033277,10.71%,5.75%
1800,Failed,22,0,7.79%,6.08%
1801,Failed,14,0,2.90%,6.33%
1802,Failed,15,0,4.44%,6.53%
1803,Failed,24,0,6.69%,5.95%
1804,Failed,19,0,7.38%,5.67%
1805,Failed,23,0,10.03%,6.12%
1806,Failed,11,0,1.02%,6.37%
1807,Failed,24,0,9.05%,6.15%
1808,Failed,21,0,7.61%,5.95%
1809,Failed,24,0,9.96%,5.79%
1810,Failed,18,0,6.12%,5.77%
1811,Failed,23,0,8.41%,6.33%
1812,Failed,15,0,4.21%,6.56%
1813,Failed,19,0,6.51%,6.00%
1814,Failed,21,0,8.29%,5.89%
1815,Failed,19,0,7.75%,5.60%
1816,Success,30,16149728,9.56%,5.84%
1817,Failed,18,0,7.25%,6.03%
1818,Failed,22,0,9.95%,6.20%
1819,Failed,16,0,4.80%,6.18%
1820,Failed,18,0,7.46%,6.27%
1821,Failed,24,0,11.33%,6.32%
1822,Failed,22,0,7.05%,6.31%
1823,Failed,16,0,4.72%,5.79%
1824,Failed,28,0,9.77%,5.71%
1825,Failed,15,0,5.93%,6.06%
1826,Failed,15,0,4.28%,6.00%
1827,Failed,15,0,6.95%,5.82%
1828,Failed,19,0,8.07%,6.40%
1829,Failed,19,0,7.65%,6.06%
1830,Failed,20,0,8.81%,6.19%
1831,Success,30,53619038,11.76%,6.36%
1832,Failed,15,0,7.26%,5.78%
1833,Failed,22,0,8.61%,5.95%
1834,Failed,17,0,6.83%,6.11%
1835,Failed,28,0,10.04%,6.46%
1836,Failed,15,0,5.28%,5.75%
1837,Failed,25,0,9.48%,6.17%
1838,Failed,22,0,9.58%,5.68%
1839,Success,30,20677841,9.42%,6.05%
1840,Failed,23,0,9.67%,5.91%
1841,Failed,18,0,7.30%,6.28%
1842,Failed,24,0,8.69%,6.09%
1843,Failed,20,0,8.80%,6.01%
1844,Failed,16,0,6.49%,5.79%
1845,Failed,23,0,8.34%,5.93%
1846,Failed,20,0,8.87%,6.31%
1847,Failed,19,0,8.30%,5.52%
1848,Failed,27,0,9.32%,5.95%
1849,Failed,15,0,4.88%,5.91%
1850,Failed,23,0,8.62%,5.77%
1851,Failed,23,0,9.22%,6.35%
1852,Failed,17,0,6.06%,5.85%
1853,Failed,21,0,9.32%,6.74%
1854,Failed,22,0,7.74%,5.91%
1855,Failed,17,0,5.99%,5.87%
1856,Failed,19,0,7.40%,5.89%
1857,Failed,15,0,4.81%,6.24%
1858,Success,30,69736122,11.92%,5.79%
1859,Failed,22,0,11.21%,6.18%
1860,Failed,17,0,7.49%,6.18%
1861,Failed,22,0,7.70%,6.06%
1862,Failed,15,0,7.09%,5.88%
1863,Failed,30,0,8.93%,5.65%
1864,Failed,16,0,5.82%,6.51%
1865,Failed,18,0,8.66%,6.32%
1866,Failed,24,0,9.78%,5.43%
1867,Failed,19,0,8.96%,6.06%
1868,Failed,24,0,8.20%,6.26%
1869,Failed,18,0,7.49%,6.29%
1870,Failed,18,0,7.77%,5.97%
1871,Success,30,83018694,12.14%,6.18%
1872,Failed,20,0,7.76%,5.71%
1873,Failed,17,0,6.13%,6.09%
1874,Success,30,41831032,11.93%,5.68%
1875,Failed,26,0,9.61%,6.13%
1876,Failed,28,0,10.21%,6.04%
1877,Failed,15,0,4.78%,5.79%
1878,Failed,30,0,10.91%,6.37%
1879,Failed,16,0,6.19%,5.89%
1880,Failed,21,0,7.53%,6.44%
1881,Failed,21,0,8.87%,6.47%
1882,Failed,17,0,6.22%,6.01%
1883,Failed,24,0,9.21%,6.19%
1884,Failed,17,0,7.18%,6.03%
1885,Failed,15,0,6.16%,5.80%
1886,Failed,12,0,1.06%,5.94%
1887,Failed,19,0,10.12%,6.31%
1888,Failed,30,0,8.46%,5.86%
1889,Success,30,35553013,10.52%,6.01%
1890,Success,30,23841448,11.84%,5.93%
1891,Failed,18,0,8.43%,6.04%
1892,Failed,15,0,5.66%,6.04%
1893,Failed,20,0,7.57%,6.10%
1894,Failed,18,0,7.47%,5.34%
1895,Success,30,22093363,9.13%,5.93%
1896,Failed,25,0,9.90%,6.11%
1897,Failed,19,0,5.84%,6.07%
1898,Failed,23,0,8.97%,5.82%
1899,Failed,20,0,10.58%,6.04%
1900,Failed,21,0,7.89%,5.89%
1901,Failed,16,0,6.19%,5.42%
1902,Failed,23,0,7.92%,5.97%
1903,Failed,17,0,7.54%,6.31%
1904,Failed,23,0,7.40%,6.21%
1905,Failed,26,0,10.65%,6.44%
1906,Failed,20,0,8.82%,5.50%
1907,Failed,29,0,9.96%,6.15%
1908,Failed,19,0,7.43%,6.40%
1909,Failed,18,0,6.60%,5.64%
1910,Failed,25,0,9.07%,5.60%
1911,Failed,15,0,6.01%,6.14%
1912,Failed,14,0,3.68%,5.96%
1913,Success,30,29142280,10.48%,5.93%
1914,Failed,17,0,10.16%,6.73%
1915,Failed,16,0,4.25%,6.29%
1916,Success,30,326589,10.34%,5.48%
1917,Failed,20,0,9.41%,5.95%
1918,Failed,20,0,7.67%,5.58%
1919,Failed,26,0,8.64%,6.14%
1920,Failed,22,0,9.32%,6.09%
1921,Failed,17,0,8.01%,6.21%
1922,Failed,19,0,7.58%,6.05%
1923,Failed,24,0,9.51%,5.69%
1924,Failed,17,0,6.28%,6.28%
1925,Failed,19,0,6.61%,5.28%
1926,Failed,24,0,10.00%,5.91%
1927,Failed,20,0,5.73%,5.51%
1928,Failed,20,0,8.05%,6.18%
1929,Failed,17,0,6.03%,5.98%
1930,Failed,20,0,5.97%,5.90%
1931,Failed,17,0,5.48%,6.29%
1932,Failed,24,0,10.70%,6.54%
1933,Failed,28,0,10.32%,6.29%
1934,Failed,16,0,2.50%,5.98%
1935,Failed,22,0,8.66%,6.28%
1936,Failed,28,0,9.89%,5.83%
1937,Failed,25,0,10.91%,5.93%
1938,Success,30,59084547,10.77%,6.07%
1939,Failed,22,0,9.47%,6.59%
1940,Failed,30,0,9.92%,6.06%
1941,Failed,18,0,8.50%,6.28%
1942,Failed,21,0,8.03%,5.67%
1943,Failed,16,0,6.29%,5.62%
1944,Failed,15,0,4.84%,6.19%
1945,Success,30,214677873,13.41%,5.86%
1946,Failed,24,0,9.53%,5.65%
1947,Failed,21,0,9.05%,6.51%
1948,Failed,23,0,8.74%,6.25%
1949,Failed,22,0,8.54%,6.02%
1950,Failed,21,0,8.01%,6.29%
1951,Failed,26,0,10.27%,6.25%
1952,Failed,17,0,5.07%,6.27%
1953,Failed,24,0,9.05%,5.57%
1954,Failed,19,0,9.70%,5.35%
1955,Failed,24,0,9.09%,5.50%
1956,Failed,21,0,8.60%,6.12%
1957,Failed,18,0,6.97%,5.42%
1958,Failed,20,0,7.75%,5.29%
1959,Failed,20,0,7.90%,6.07%
1960,Failed,16,0,7.56%,6.16%
1961,Failed,23,0,7.76%,6.10%
1962,Failed,18,0,9.10%,6.32%
1963,Failed,23,0,8.72%,6.15%
1964,Failed,28,0,8.83%,5.64%
1965,Failed,23,0,8.15%,6.02%
1966,Failed,23,0,9.43%,6.09%
1967,Failed,21,0,9.14%,5.79%
1968,Failed,17,0,7.49%,6.00%
1969,Failed,22,0,7.77%,5.56%
1970,Failed,18,0,8.19%,6.03%
1971,Failed,19,0,9.12%,6.40%
1972,Failed,23,0,8.72%,6.26%
1973,Failed,13,0,1.76%,6.05%
1974,Failed,28,0,9.22%,6.02%
1975,Failed,16,0,4.88%,5.46%
1976,Failed,17,0,8.27%,5.76%
1977,Success,30,350443,10.21%,6.31%
1978,Failed,19,0,9.55%,6.00%
1979,Failed,18,0,8.62%,6.45%
1980,Failed,16,0,4.81%,5.47%
1981,Failed,23,0,7.61%,5.59%
1982,Failed,24,0,9.56%,6.42%
1983,Failed,21,0,8.50%,6.26%
1984,Success,30,16146919,10.57%,6.06%
1985,Failed,21,0,6.77%,6.16%
1986,Failed,19,0,7.97%,6.31%
1987,Success,30,22005537,9.95%,5.76%
1988,Failed,16,0,6.01%,6.05%
1989,Failed,23,0,9.27%,6.23%
1990,Failed,26,0,8.28%,6.31%
1991,Failed,30,0,8.65%,5.77%
1992,Failed,15,0,5.41%,6.03%
1993,Failed,18,0,9.13%,6.52%
1994,Failed,14,0,6.13%,6.08%
1995,Failed,20,0,8.13%,6.19%
1996,Failed,27,0,8.10%,6.01%
1997,Failed,27,0,9.91%,5.79%
1998,Failed,22,0,8.64%,5.73%
1999,Failed,17,0,6.97%,5.33%
2000,Failed,19,0,6.19%,5.85%
2001,Failed,18,0,6.50%,5.99%
2002,Success,30,43678565,10.51%,5.73%
2003,Failed,17,0,6.51%,5.94%
2004,Failed,18,0,8.22%,6.75%
2005,Failed,15,0,4.28%,6.47%
2006,Failed,17,0,7.51%,6.29%
2007,Failed,13,0,0.79%,6.70%
2008,Failed,26,0,9.76%,5.79%
2009,Failed,24,0,9.21%,6.29%
2010,Failed,23,0,8.57%,5.79%
2011,Failed,16,0,7.36%,6.35%
2012,Failed,28,0,10.51%,6.32%
2013,Failed,21,0,6.89%,6.19%
2014,Failed,19,0,6.96%,5.82%
2015,Failed,17,0,7.82%,6.09%
2016,Failed,21,0,8.43%,6.32%
2017,Failed,22,0,9.11%,6.08%
2018,Failed,27,0,9.38%,5.78%
2019,Failed,28,0,10.68%,6.25%
2020,Success,30,18333196,10.09%,5.98%
2021,Failed,23,0,9.18%,5.96%
2022,Failed,18,0,8.27%,5.40%
2023,Failed,28,0,10.49%,5.73%
2024,Failed,18,0,8.88%,6.27%
2025,Failed,15,0,6.31%,6.07%
2026,Failed,24,0,10.11%,5.81%
2027,Failed,30,0,9.01%,6.30%
2028,Failed,17,0,6.70%,6.37%
2029,Failed,24,0,9.46%,6.18%
2030,Failed,20,0,7.88%,6.05%
2031,Failed,23,0,9.04%,6.42%
2032,Failed,24,0,9.18%,5.88%
2033,Failed,19,0,6.77%,5.77%
2034,Failed,28,0,9.70%,5.80%
2035,Failed,25,0,7.30%,6.44%
2036,Failed,17,0,6.27%,5.75%
2037,Failed,28,0,9.98%,6.13%
2038,Failed,19,0,6.87%,6.20%
2039,Failed,18,0,6.39%,5.94%
2040,Failed,19,0,6.84%,6.76%
2041,Failed,17,0,8.54%,6.07%
2042,Failed,21,0,8.46%,5.89%
2043,Failed,16,0,6.22%,6.10%
2044,Failed,18,0,8.75%,5.96%
2045,Failed,23,0,9.98%,6.06%
2046,Failed,20,0,7.91%,5.93%
2047,Failed,24,0,8.70%,5.91%
2048,Failed,25,0,10.92%,5.50%
2049,Failed,21,0,8.36%,6.24%
2050,Failed,19,0,8.41%,6.15%
2051,Failed,19,0,5.68%,6.35%
2052,Failed,17,0,8.28%,6.12%
2053,Failed,16,0,6.26%,5.49%
2054,Failed,16,0,5.78%,5.92%
2055,Failed,19,0,9.00%,5.83%
2056,Failed,22,0,10.11%,6.31%
2057,Failed,25,0,9.48%,6.09%
2058,Failed,20,0,6.23%,6.12%
2059,Failed,21,0,7.02%,6.56%
2060,Failed,20,0,9.11%,6.15%
2061,Success,30,55084395,11.30%,6.17%
2062,Failed,27,0,10.69%,6.26%
2063,Failed,18,0,6.04%,6.37%
2064,Failed,18,0,8.31%,6.49%
2065,Failed,16,0,7.73%,5.85%
2066,Failed,21,0,8.13%,6.36%
2067,Failed,20,0,8.64%,6.49%
2068,Success,30,837578,11.42%,5.98%
2069,Failed,18,0,6.46%,6.04%
2070,Failed,16,0,5.13%,6.06%
2071,Failed,26,0,8.52%,5.97%
2072,Success,30,12351426,10.47%,6.09%
2073,Failed,20,0,9.38%,6.17%
2074,Failed,24,0,9.05%,5.89%
2075,Success,30,1098113,10.28%,5.85%
2076,Failed,22,0,9.80%,6.14%
2077,Failed,24,0,8.80%,5.96%
2078,Failed,19,0,6.18%,5.91%
2079,Success,30,90135464,11.16%,5.72%
2080,Failed,22,0,10.15%,6.20%
2081,Failed,22,0,10.04%,6.03%
2082,Failed,17,0,5.53%,6.04%
2083,Failed,18,0,5.70%,5.84%
2084,Success,30,14321247,9.59%,6.06%
2085,Failed,19,0,6.35%,5.34%
2086,Failed,16,0,4.93%,5.97%
2087,Failed,18,0,5.39%,6.07%
2088,Failed,27,0,9.58%,5.73%
2089,Failed,14,0,5.73%,5.89%
2090,Failed,24,0,9.53%,6.03%
2091,Failed,15,0,5.05%,6.13%
2092,Failed,23,0,8.81%,6.19%
2093,Failed,20,0,7.29%,5.98%
2094,Failed,22,0,8.61%,6.01%
2095,Failed,17,0,6.20%,5.96%
2096,Failed,16,0,6.35%,6.04%
2097,Failed,16,0,6.27%,5.67%
2098,Failed,28,0,11.62%,5.74%
2099,Failed,17,0,5.57%,6.17%
2100,Failed,19,0,7.52%,6.31%
2101,Failed,22,0,8.26%,5.81%
2102,Failed,15,0,6.22%,5.77%
2103,Failed,21,0,7.59%,6.00%
2104,Failed,23,0,9.55%,5.78%
2105,Failed,17,0,8.94%,5.99%
2106,Failed,18,0,6.19%,6.15%
2107,Failed,25,0,9.09%,6.33%
2108,Failed,19,0,8.15%,5.61%
2109,Failed,15,0,6.03%,5.57%
2110,Failed,28,0,9.24%,6.19%
2111,Failed,18,0,7.05%,6.01%
2112,Failed,21,0,8.10%,5.88%
2113,Success,30,55771737,11.74%,5.80%
2114,Failed,15,0,7.06%,5.59%
2115,Failed,26,0,10.45%,5.98%
2116,Failed,14,0,3.37%,4.70%
2117,Failed,25,0,9.17%,5.81%
2118,Success,30,31013670,9.67%,6.11%
2119,Failed,28,0,10.23%,5.61%
2120,Failed,15,0,6.64%,5.79%
2121,Failed,22,0,9.07%,6.05%
2122,Failed,15,0,5.76%,5.93%
2123,Failed,18,0,8.85%,5.79%
2124,Failed,22,0,7.02%,5.45%
2125,Failed,17,0,6.40%,6.32%
2126,Failed,19,0,9.80%,5.72%
2127,Failed,22,0,6.71%,5.55%
2128,Failed,26,0,10.48%,5.94%
2129,Success,30,10662703,9.96%,5.95%
2130,Failed,22,0,9.04%,6.20%
2131,Failed,18,0,5.41%,5.65%
2132,Success,30,391838,9.77%,6.35%
2133,Failed,18,0,7.81%,6.78%
2134,Failed,15,0,6.41%,6.28%
2135,Failed,20,0,9.13%,5.66%
2136,Failed,17,0,8.08%,6.22%
2137,Failed,22,0,7.08%,5.95%
2138,Failed,18,0,6.64%,6.03%
2139,Failed,16,0,4.69%,5.31%
2140,Failed,21,0,6.78%,6.13%
2141,Failed,17,0,6.35%,6.45%
2142,Failed,23,0,10.43%,6.54%
2143,Failed,25,0,8.87%,5.37%
2144,Failed,18,0,6.67%,6.01%
2145,Failed,25,0,7.70%,5.70%
2146,Failed,22,0,8.35%,5.94%
2147,Failed,17,0,6.18%,6.25%
2148,Failed,17,0,7.84%,6.18%
2149,Failed,30,0,10.14%,5.88%
2150,Failed,15,0,5.07%,6.42%
2151,Failed,24,0,8.45%,6.00%
2152,Failed,28,0,9.86%,5.98%
2153,Success,30,83872580,12.83%,6.10%
2154,Failed,26,0,10.79%,6.31%
2155,Failed,18,0,7.22%,5.93%
2156,Failed,20,0,7.34%,5.48%
2157,Failed,19,0,6.68%,6.42%
2158,Failed,20,0,6.83%,5.90%
2159,Failed,22,0,8.07%,5.80%
2160,Failed,18,0,7.10%,6.27%
2161,Failed,28,0,7.98%,5.50%
2162,Failed,19,0,6.93%,5.83%
2163,Failed,21,0,10.40%,6.44%
2164,Failed,20,0,5.83%,6.81%
2165,Failed,23,0,8.76%,6.03%
2166,Failed,24,0,10.34%,6.25%
2167,Failed,21,0,8.83%,5.90%
2168,Failed,21,0,7.23%,5.57%
2169,Failed,21,0,7.92%,6.18%
2170,Failed,19,0,10.00%,6.27%
2171,Failed,26,0,9.59%,6.12%
2172,Failed,17,0,6.43%,6.48%
2173,Failed,15,0,6.01%,6.10%
2174,Failed,16,0,6.18%,5.74%
2175,Failed,18,0,6.72%,6.09%
2176,Failed,27,0,9.64%,5.62%
2177,Failed,17,0,6.65%,5.92%
2178,Failed,19,0,7.47%,5.77%
2179,Failed,18,0,7.48%,6.39%
2180,Failed,21,0,7.88%,5.88%
2181,Failed,18,0,6.70%,6.42%
2182,Failed,28,0,9.20%,5.76%
2183,Failed,23,0,9.81%,6.20%
2184,Failed,20,0,7.90%,6.53%
2185,Failed,24,0,7.02%,6.11%
2186,Failed,21,0,7.01%,5.89%
2187,Success,30,153393914,12.70%,6.17%
2188,Failed,21,0,8.77%,6.34%
2189,Failed,20,0,6.94%,6.02%
2190,Failed,24,0,9.44%,6.53%
2191,Failed,23,0,7.91%,6.19%
2192,Failed,20,0,6.34%,5.87%
2193,Failed,22,0,7.46%,6.19%
2194,Failed,23,0,8.42%,5.61%
2195,Failed,28,0,9.88%,6.22%
2196,Failed,19,0,6.17%,5.96%
2197,Failed,19,0,7.17%,5.84%
2198,Failed,18,0,8.29%,6.71%
2199,Failed,20,0,8.35%,6.16%
2200,Failed,16,0,4.43%,5.92%
2201,Failed,15,0,6.93%,5.99%
2202,Failed,22,0,8.62%,5.66%
2203,Failed,23,0,9.12%,6.05%
2204,Failed,18,0,6.81%,5.77%
2205,Failed,17,0,6.41%,6.62%
2206,Failed,25,0,8.13%,5.45%
2207,Failed,21,0,9.81%,5.84%
2208,Failed,17,0,6.99%,6.02%
2209,Success,30,104876025,12.14%,6.25%
2210,Failed,21,0,8.18%,5.97%
2211,Failed,22,0,7.84%,6.12%
2212,Failed,20,0,7.27%,5.89%
2213,Failed,25,0,8.56%,6.07%
2214,Failed,18,0,7.26%,5.88%
2215,Failed,19,0,6.75%,5.92%
2216,Success,30,72627631,12.08%,6.29%
2217,Failed,20,0,8.32%,6.10%
2218,Failed,20,0,8.41%,6.42%
2219,Failed,17,0,8.00%,6.23%
2220,Failed,29,0,8.43%,5.70%
2221,Failed,16,0,4.46%,6.52%
2222,Failed,17,0,8.35%,5.99%
2223,Failed,26,0,9.55%,6.48%
2224,Failed,14,0,5.04%,5.45%
2225,Failed,19,0,6.86%,5.76%
2226,Failed,26,0,8.98%,6.16%
2227,Failed,17,0,8.32%,6.77%
2228,Success,30,5495345,10.43%,5.72%
2229,Failed,29,0,11.24%,6.20%
2230,Failed,27,0,9.55%,5.54%
2231,Failed,21,0,7.03%,6.50%
2232,Failed,18,0,7.36%,5.97%
2233,Failed,28,0,11.17%,5.98%
2234,Failed,23,0,9.64%,5.97%
2235,Failed,23,0,8.10%,5.79%
2236,Failed,20,0,6.16%,5.65%
2237,Failed,26,0,8.78%,6.24%
2238,Failed,26,0,9.00%,5.58%
2239,Failed,23,0,7.20%,5.86%
2240,Failed,17,0,7.10%,5.93%
2241,Failed,23,0,10.11%,5.99%
2242,Failed,20,0,8.82%,5.99%
2243,Failed,19,0,7.17%,6.14%
2244,Failed,24,0,8.13%,5.41%
2245,Failed,23,0,8.08%,5.74%
2246,Failed,16,0,3.73%,5.30%
2247,Failed,21,0,6.92%,5.60%
2248,Failed,16,0,5.25%,5.67%
2249,Failed,25,0,10.36%,6.59%
2250,Failed,27,0,10.24%,5.96%
2251,Failed,17,0,7.47%,6.04%
2252,Failed,17,0,7.33%,6.02%
2253,Failed,19,0,5.63%,5.25%
2254,Failed,20,0,8.01%,6.02%
2255,Failed,30,0,10.09%,6.19%
2256,Failed,24,0,8.29%,6.24%
2257,Failed,20,0,10.12%,5.81%
2258,Failed,22,0,8.69%,5.85%
2259,Failed,27,0,7.87%,6.04%
2260,Failed,24,0,7.40%,5.75%
2261,Failed,22,0,10.26%,6.03%
2262,Failed,19,0,8.41%,6.24%
2263,Failed,18,0,7.75%,6.00%
2264,Failed,24,0,10.94%,6.49%
2265,Failed,21,0,7.66%,6.06%
2266,Failed,22,0,8.92%,5.65%
2267,Failed,18,0,7.56%,6.64%
2268,Success,30,30427015,10.64%,5.75%
2269,Failed,23,0,9.54%,5.67%
2270,Failed,17,0,6.93%,6.25%
2271,Failed,30,0,10.50%,6.02%
2272,Failed,23,0,10.08%,6.23%
2273,Failed,15,0,6.07%,6.25%
2274,Failed,19,0,6.86%,5.49%
2275,Failed,13,0,4.02%,6.60%
2276,Failed,23,0,8.56%,6.14%
2277,Failed,15,0,4.48%,5.94%
2278,Failed,16,0,6.10%,6.32%
2279,Failed,14,0,5.58%,6.40%
2280,Failed,17,0,8.08%,6.24%
2281,Failed,26,0,8.91%,5.91%
2282,Failed,18,0,6.44%,5.84%
2283,Failed,20,0,10.47%,5.88%
2284,Failed,29,0,9.09%,6.11%
2285,Failed,16,0,5.00%,6.40%
2286,Failed,18,0,8.19%,6.02%
2287,Failed,19,0,5.97%,5.94%
2288,Failed,21,0,9.32%,6.98%
2289,Failed,20,0,7.62%,6.01%
2290,Failed,16,0,6.37%,5.69%
2291,Failed,17,0,7.26%,5.96%
2292,Success,30,25773570,9.99%,6.21%
2293,Success,30,5534027,10.07%,6.18%
2294,Failed,19,0,9.20%,6.19%
2295,Failed,17,0,8.48%,5.64%
2296,Failed,18,0,8.15%,5.93%
2297,Failed,16,0,5.73%,5.93%
2298,Failed,22,0,8.38%,5.90%
2299,Failed,22,0,9.06%,6.23%
2300,Failed,28,0,10.61%,5.83%
2301,Failed,25,0,10.97%,5.95%
2302,Failed,15,0,4.72%,5.68%
2303,Failed,21,0,10.20%,5.74%
2304,Failed,26,0,8.54%,5.82%
2305,Success,30,21489606,10.78%,5.91%
2306,Failed,18,0,8.37%,6.68%
2307,Failed,17,0,6.10%,6.31%
2308,Failed,16,0,5.74%,6.56%
2309,Failed,13,0,3.36%,6.32%
2310,Failed,19,0,9.23%,5.84%
2311,Failed,24,0,9.10%,6.25%
2312,Failed,21,0,8.36%,5.81%
2313,Failed,30,0,9.94%,5.81%
2314,Failed,22,0,8.92%,5.75%
2315,Failed,15,0,4.63%,5.66%
2316,Failed,26,0,10.40%,5.64%
2317,Failed,16,0,4.89%,5.86%
2318,Failed,15,0,6.55%,5.89%
2319,Failed,24,0,8.49%,5.72%
2320,Failed,25,0,7.39%,5.84%
2321,Failed,19,0,7.33%,6.38%
2322,Failed,23,0,7.34%,5.77%
2323,Failed,17,0,5.23%,6.22%
2324,Success,30,31875942,9.96%,5.52%
2325,Failed,16,0,7.87%,5.93%
2326,Failed,17,0,5.96%,6.22%
2327,Failed,23,0,9.91%,6.07%
2328,Failed,17,0,6.66%,5.85%
2329,Failed,28,0,9.35%,6.36%
2330,Failed,19,0,8.70%,6.01%
2331,Failed,17,0,7.46%,6.13%
2332,Failed,22,0,7.15%,5.45%
2333,Failed,24,0,9.54%,6.43%
2334,Failed,18,0,7.82%,6.14%
2335,Failed,21,0,7.98%,5.36%
2336,Failed,24,0,9.27%,5.57%
2337,Failed,21,0,8.94%,5.29%
2338,Failed,18,0,6.83%,6.05%
2339,Failed,16,0,5.88%,5.33%
2340,Failed,21,0,6.89%,6.69%
2341,Failed,19,0,7.32%,6.19%
2342,Failed,24,0,10.13%,6.32%
2343,Failed,27,0,9.89%,6.18%
2344,Failed,20,0,9.42%,5.52%
2345,Failed,26,0,9.43%,5.45%
2346,Failed,19,0,7.53%,5.96%
2347,Failed,26,0,9.05%,5.32%
2348,Failed,25,0,9.37%,5.96%
2349,Failed,17,0,7.14%,6.13%
2350,Failed,24,0,9.54%,6.58%
2351,Failed,23,0,8.42%,5.69%
2352,Failed,27,0,10.00%,6.07%
2353,Failed,18,0,4.79%,5.79%
2354,Failed,20,0,9.10%,5.78%
2355,Failed,20,0,7.28%,5.44%
2356,Failed,28,0,9.13%,6.03%
2357,Failed,22,0,7.15%,6.26%
2358,Failed,16,0,4.40%,6.20%
2359,Failed,16,0,4.98%,5.88%
2360,Failed,22,0,9.66%,6.27%
2361,Success,30,29523519,10.21%,6.27%
2362,Failed,15,0,5.01%,6.26%
2363,Failed,25,0,10.27%,5.98%
2364,Failed,20,0,8.81%,6.17%
2365,Failed,21,0,7.75%,6.17%
2366,Failed,14,0,3.14%,6.20%
2367,Failed,16,0,8.18%,6.77%
2368,Success,30,13127535,10.35%,5.72%
2369,Failed,17,0,7.09%,6.30%
2370,Failed,27,0,11.03%,6.04%
2371,Success,30,16857368,9.90%,6.00%
2372,Failed,19,0,7.44%,5.63%
2373,Failed,26,0,9.82%,6.32%
2374,Failed,18,0,5.70%,5.99%
2375,Failed,17,0,8.66%,6.32%
2376,Failed,23,0,8.26%,5.76%
2377,Failed,15,0,7.33%,6.48%
2378,Failed,26,0,9.64%,6.29%
2379,Success,30,72660263,11.40%,6.12%
2380,Failed,14,0,4.76%,5.91%
2381,Failed,15,0,4.16%,6.00%
2382,Failed,28,0,8.90%,6.21%
2383,Success,30,8382296,10.37%,5.91%
2384,Failed,22,0,8.13%,5.58%
2385,Failed,18,0,5.97%,6.46%
2386,Failed,25,0,7.49%,5.77%
2387,Failed,26,0,10.40%,6.16%
2388,Failed,17,0,6.46%,5.54%
2389,Failed,17,0,5.43%,6.08%
2390,Failed,20,0,6.29%,5.89%
2391,Failed,18,0,5.67%,5.72%
2392,Failed,23,0,8.47%,5.85%
2393,Failed,17,0,5.68%,5.97%
2394,Failed,22,0,6.77%,6.38%
2395,Success,30,18332501,10.67%,6.00%
2396,Failed,22,0,8.65%,6.23%
2397,Failed,22,0,9.14%,6.71%
2398,Failed,18,0,8.90%,6.55%
2399,Failed,22,0,8.46%,6.01%
2400,Success,30,18119778,10.55%,5.88%
2401,Failed,19,0,7.81%,5.99%
2402,Failed,19,0,6.91%,6.41%
2403,Failed,22,0,10.61%,6.40%
2404,Failed,15,0,4.41%,5.73%
2405,Failed,22,0,9.67%,5.41%
2406,Failed,21,0,7.87%,6.11%
2407,Failed,16,0,6.10%,5.83%
2408,Failed,17,0,8.08%,6.17%
2409,Failed,20,0,7.07%,5.43%
2410,Failed,16,0,6.86%,5.75%
2411,Failed,17,0,7.06%,6.15%
2412,Failed,20,0,7.69%,5.63%
2413,Failed,21,0,7.24%,5.44%
2414,Failed,16,0,4.86%,6.34%
2415,Failed,25,0,8.94%,6.05%
2416,Failed,20,0,7.84%,5.89%
2417,Failed,27,0,10.02%,6.01%
2418,Failed,17,0,6.03%,5.85%
2419,Failed,25,0,9.08%,5.68%
2420,Failed,30,0,9.58%,6.68%
2421,Failed,13,0,3.66%,5.34%
2422,Failed,24,0,10.46%,6.01%
2423,Failed,22,0,7.86%,5.90%
2424,Failed,19,0,7.42%,6.50%
2425,Failed,21,0,7.57%,6.03%
2426,Failed,20,0,7.27%,5.73%
2427,Failed,23,0,10.73%,6.09%
2428,Failed,22,0,8.41%,6.38%
2429,Failed,16,0,5.56%,6.18%
2430,Failed,24,0,9.28%,5.66%
2431,Failed,18,0,7.04%,5.93%
2432,Success,30,19657054,10.11%,5.59%
2433,Failed,21,0,6.88%,5.49%
2434,Failed,28,0,10.13%,5.91%
2435,Failed,19,0,8.09%,5.85%
2436,Success,30,26252251,10.47%,6.18%
2437,Failed,21,0,7.68%,5.65%
2438,Failed,21,0,7.82%,5.93%
2439,Success,30,12883115,10.92%,6.01%
2440,Failed,18,0,8.07%,6.29%
2441,Success,30,132222971,13.22%,6.33%
2442,Success,30,35390689,10.33%,6.06%
2443,Failed,17,0,6.27%,6.77%
2444,Failed,22,0,7.92%,6.19%
2445,Failed,20,0,7.48%,5.97%
2446,Failed,28,0,9.93%,5.92%
2447,Failed,22,0,9.11%,6.35%
2448,Failed,20,0,7.23%,5.82%
2449,Failed,22,0,8.80%,5.80%
2450,Failed,24,0,7.74%,6.20%
2451,Failed,19,0,9.12%,6.13%
2452,Failed,16,0,8.25%,6.02%
2453,Failed,26,0,8.56%,5.91%
2454,Failed,24,0,9.78%,6.03%
2455,Failed,21,0,8.34%,5.73%
2456,Failed,25,0,9.93%,5.89%
2457,Failed,15,0,7.34%,6.44%
2458,Failed,24,0,9.23%,6.11%
2459,Failed,24,0,10.65%,5.81%
2460,Failed,16,0,8.78%,5.87%
2461,Failed,22,0,9.43%,5.83%
2462,Failed,19,0,7.44%,6.43%
2463,Failed,20,0,8.58%,5.97%
2464,Failed,22,0,9.60%,6.35%
2465,Failed,17,0,5.49%,5.98%
2466,Failed,27,0,10.85%,5.81%
2467,Failed,20,0,6.88%,5.83%
2468,Failed,23,0,8.36%,5.24%
2469,Failed,19,0,7.30%,6.30%
2470,Failed,21,0,8.02%,5.93%
2471,Failed,14,0,5.76%,6.76%
2472,Failed,12,0,0.60%,5.88%
2473,Failed,18,0,6.95%,6.05%
2474,Failed,18,0,7.25%,6.11%
2475,Failed,19,0,8.38%,5.68%
2476,Failed,24,0,9.23%,6.24%
2477,Success,30,28530968,9.32%,6.22%
2478,Failed,24,0,7.99%,5.76%
2479,Success,30,38353123,9.66%,5.58%
2480,Failed,17,0,7.26%,6.18%
2481,Failed,19,0,8.21%,5.72%
2482,Failed,23,0,11.53%,6.45%
2483,Failed,15,0,5.93%,6.57%
2484,Failed,15,0,5.60%,6.09%
2485,Failed,24,0,9.00%,6.28%
2486,Failed,17,0,7.16%,6.31%
2487,Failed,25,0,8.00%,5.78%
2488,Success,30,50989453,11.22%,6.38%
2489,Failed,22,0,10.02%,5.61%
2490,Failed,17,0,6.68%,5.56%
2491,Failed,21,0,8.29%,5.63%
2492,Failed,24,0,9.28%,5.97%
2493,Failed,18,0,5.62%,5.70%
2494,Success,30,18690596,10.74%,6.00%
2495,Failed,22,0,9.26%,5.79%
2496,Success,30,2662315,10.10%,5.90%
2497,Failed,17,0,7.11%,6.41%
2498,Failed,23,0,7.02%,5.77%
2499,Failed,18,0,6.93%,6.07%
2500,Failed,26,0,7.74%,5.63%
2501,Failed,22,0,6.41%,5.77%
2502,Failed,15,0,6.57%,6.21%
2503,Failed,21,0,7.60%,6.09%
2504,Failed,15,0,5.66%,6.56%
2505,Success,30,125420105,13.22%,6.13%
2506,Failed,17,0,4.16%,5.79%
2507,Failed,23,0,10.39%,6.01%
2508,Failed,22,0,9.09%,5.91%
2509,Failed,17,0,6.56%,6.18%
2510,Failed,23,0,9.24%,5.84%
2511,Failed,21,0,10.64%,6.13%
2512,Failed,19,0,7.77%,5.44%
2513,Failed,24,0,8.96%,5.93%
2514,Failed,17,0,6.46%,6.02%
2515,Failed,20,0,7.60%,6.33%
2516,Failed,17,0,5.42%,6.09%
2517,Failed,23,0,9.88%,6.19%
2518,Failed,24,0,9.29%,5.95%
2519,Failed,29,0,9.25%,6.12%
2520,Failed,20,0,9.33%,6.65%
2521,Failed,19,0,7.93%,6.20%
2522,Failed,16,0,5.92%,6.29%
2523,Failed,18,0,5.69%,6.10%
2524,Failed,23,0,8.05%,6.58%
2525,Failed,17,0,6.86%,6.13%
2526,Failed,22,0,10.88%,5.77%
2527,Failed,23,0,7.97%,6.76%
2528,Failed,19,0,7.62%,5.76%
2529,Failed,21,0,7.81%,6.08%
2530,Failed,17,0,7.22%,6.20%
2531,Failed,18,0,6.23%,5.60%
2532,Failed,23,0,10.32%,6.18%
2533,Failed,19,0,6.52%,6.36%
2534,Failed,21,0,8.67%,6.01%
2535,Failed,17,0,8.52%,6.10%
2536,Failed,23,0,7.73%,5.85%
2537,Failed,19,0,9.18%,6.31%
2538,Failed,29,0,9.91%,5.53%
2539,Failed,15,0,3.11%,5.65%
2540,Failed,25,0,10.48%,5.80%
2541,Failed,14,0,4.60%,6.06%
2542,Failed,19,0,10.29%,6.38%
2543,Failed,22,0,8.15%,6.44%
2544,Failed,25,0,9.53%,5.99%
2545,Failed,21,0,7.00%,5.87%
2546,Failed,22,0,8.54%,6.26%
2547,Failed,17,0,6.48%,6.20%
2548,Failed,24,0,10.07%,6.12%
2549,Failed,26,0,9.61%,5.82%
2550,Failed,19,0,7.78%,6.50%
2551,Failed,19,0,7.79%,6.06%
2552,Failed,20,0,7.95%,5.99%
2553,Failed,23,0,9.61%,5.92%
2554,Failed,15,0,6.29%,6.04%
2555,Failed,15,0,5.04%,5.64%
2556,Failed,23,0,9.59%,5.81%
2557,Success,30,3816466,9.99%,5.80%
2558,Failed,15,0,5.13%,6.20%
2559,Failed,18,0,7.21%,6.11%
2560,Failed,24,0,7.93%,6.25%
2561,Failed,21,0,8.91%,5.94%
2562,Failed,20,0,8.48%,6.31%
2563,Failed,16,0,5.21%,6.53%
2564,Failed,17,0,6.58%,5.33%
2565,Failed,13,0,3.57%,6.84%
2566,Failed,15,0,5.55%,6.84%
2567,Failed,24,0,10.16%,6.17%
2568,Failed,22,0,8.50%,5.75%
2569,Failed,20,0,8.05%,6.05%
2570,Failed,28,0,9.72%,5.85%
2571,Failed,19,0,8.23%,6.00%
2572,Failed,25,0,8.52%,6.52%
2573,Failed,18,0,6.42%,5.70%
2574,Failed,16,0,6.50%,5.85%
2575,Success,30,39289185,10.85%,5.99%
2576,Failed,15,0,5.74%,6.15%
2577,Failed,27,0,9.49%,6.07%
2578,Failed,17,0,6.64%,5.83%
2579,Failed,25,0,8.98%,6.38%
2580,Failed,22,0,9.75%,6.10%
2581,Failed,20,0,6.87%,6.26%
2582,Failed,18,0,7.25%,6.49%
2583,Failed,20,0,8.42%,5.89%
2584,Failed,24,0,7.88%,6.09%
2585,Failed,16,0,6.37%,6.71%
2586,Failed,15,0,5.99%,5.58%
2587,Failed,15,0,9.08%,6.60%
2588,Failed,29,0,9.68%,5.72%
2589,Failed,22,0,7.68%,5.93%
2590,Failed,25,0,8.46%,5.43%
2591,Failed,15,0,3.75%,5.96%
2592,Failed,27,0,10.49%,6.08%
2593,Failed,21,0,7.58%,5.49%
2594,Failed,26,0,10.39%,6.39%
2595,Failed,23,0,7.81%,5.94%
2596,Failed,17,0,7.65%,6.40%
2597,Failed,18,0,6.20%,5.60%
2598,Failed,23,0,6.97%,6.20%
2599,Failed,15,0,4.56%,5.33%
2600,Failed,19,0,6.79%,5.29%
2601,Failed,16,0,6.39%,5.91%
2602,Failed,16,0,6.63%,5.66%
2603,Failed,18,0,6.78%,6.20%
2604,Failed,21,0,7.57%,6.12%
2605,Failed,18,0,7.10%,5.82%
2606,Failed,19,0,8.22%,6.41%
2607,Failed,20,0,6.82%,5.86%
2608,Failed,16,0,9.29%,6.35%
2609,Failed,20,0,7.36%,5.85%
2610,Failed,24,0,9.13%,5.82%
2611,Failed,16,0,7.88%,6.71%
2612,Failed,22,0,10.23%,6.43%
2613,Failed,20,0,8.04%,6.05%
2614,Failed,30,0,8.08%,5.54%
2615,Failed,17,0,5.32%,5.98%
2616,Success,30,8129151,9.90%,5.83%
2617,Failed,15,0,2.98%,6.02%
2618,Failed,19,0,7.44%,5.83%
2619,Failed,29,0,8.77%,5.92%
2620,Failed,15,0,3.78%,6.16%
2621,Failed,20,0,7.18%,6.21%
2622,Failed,29,0,9.44%,5.94%
2623,Failed,24,0,8.52%,5.87%
2624,Failed,18,0,5.35%,5.07%
2625,Failed,17,0,9.21%,6.35%
2626,Failed,21,0,8.96%,6.15%
2627,Failed,18,0,7.09%,6.21%
2628,Failed,16,0,6.45%,6.22%
2629,Failed,21,0,8.30%,6.13%
2630,Failed,22,0,9.49%,5.82%
2631,Failed,22,0,8.96%,5.34%
2632,Failed,17,0,6.52%,5.29%
2633,Failed,23,0,10.32%,6.57%
2634,Failed,23,0,9.37%,5.74%
2635,Failed,19,0,8.61%,6.06%
2636,Failed,21,0,9.47%,6.05%
2637,Failed,15,0,4.72%,6.13%
2638,Failed,25,0,10.24%,6.01%
2639,Failed,23,0,8.07%,5.43%
2640,Failed,23,0,9.32%,6.08%
2641,Failed,15,0,5.84%,6.26%
2642,Failed,16,0,7.46%,6.81%
2643,Failed,26,0,8.13%,6.24%
2644,Failed,20,0,8.54%,6.79%
2645,Failed,16,0,5.74%,6.38%
2646,Failed,21,0,7.65%,6.05%
2647,Failed,26,0,9.25%,6.17%
2648,Failed,30,0,9.38%,5.91%
2649,Failed,18,0,6.24%,5.92%
2650,Failed,29,0,9.44%,5.27%
2651,Failed,21,0,10.23%,6.53%
2652,Failed,25,0,9.38%,6.45%
2653,Failed,16,0,5.37%,6.16%
2654,Failed,19,0,6.72%,6.27%
2655,Failed,15,0,6.49%,6.16%
2656,Failed,17,0,5.85%,5.76%
2657,Failed,21,0,6.58%,5.88%
2658,Failed,20,0,7.66%,5.76%
2659,Failed,26,0,8.87%,6.17%
2660,Failed,22,0,10.09%,6.43%
2661,Failed,27,0,11.14%,5.79%
2662,Failed,21,0,9.91%,6.26%
2663,Failed,21,0,9.89%,5.93%
2664,Failed,21,0,9.72%,6.22%
2665,Failed,17,0,9.02%,6.30%
2666,Failed,21,0,7.43%,6.03%
2667,Failed,28,0,9.82%,5.83%
2668,Failed,22,0,7.84%,5.90%
2669,Success,30,10923826,9.79%,5.80%
2670,Success,30,6062690,10.77%,5.61%
2671,Failed,23,0,9.62%,5.78%
2672,Failed,29,0,9.47%,6.33%
2673,Failed,20,0,8.82%,5.43%
2674,Failed,22,0,9.97%,6.53%
2675,Failed,29,0,8.71%,5.31%
2676,Failed,17,0,7.24%,6.46%
2677,Failed,17,0,7.43%,6.30%
2678,Failed,23,0,9.97%,6.32%
2679,Failed,23,0,10.50%,6.28%
2680,Failed,21,0,7.86%,5.75%
2681,Failed,19,0,7.19%,5.60%
2682,Failed,28,0,8.47%,6.07%
2683,Failed,18,0,7.14%,6.09%
2684,Failed,24,0,8.75%,5.96%
2685,Failed,22,0,8.04%,6.03%
2686,Failed,14,0,5.97%,6.30%
2687,Failed,21,0,9.28%,6.81%
2688,Failed,29,0,9.18%,5.77%
2689,Success,30,90981309,12.06%,5.94%
2690,Failed,17,0,6.43%,6.10%
2691,Failed,14,0,4.17%,6.21%
2692,Failed,27,0,9.92%,5.77%
2693,Failed,19,0,8.10%,6.41%
2694,Failed,24,0,8.57%,5.45%
2695,Failed,27,0,9.04%,5.99%
2696,Failed,18,0,7.75%,6.08%
2697,Failed,17,0,5.25%,5.72%
2698,Failed,20,0,7.06%,5.41%
2699,Failed,22,0,9.14%,6.11%
2700,Failed,17,0,8.80%,6.23%
2701,Failed,20,0,9.22%,6.15%
2702,Failed,17,0,7.47%,6.20%
2703,Failed,17,0,7.55%,5.78%
2704,Failed,23,0,8.88%,5.57%
2705,Failed,21,0,8.40%,6.37%
2706,Failed,17,0,7.42%,6.58%
2707,Failed,20,0,9.24%,6.12%
2708,Failed,15,0,4.55%,5.48%
2709,Failed,18,0,6.53%,5.74%
2710,Failed,25,0,8.65%,5.51%
2711,Failed,16,0,5.11%,5.82%
2712,Success,30,3377796,10.99%,6.00%
2713,Failed,16,0,5.51%,6.62%
2714,Failed,30,0,11.58%,5.98%
2715,Failed,17,0,6.66%,6.55%
2716,Failed,22,0,8.95%,6.48%
2717,Failed,16,0,4.79%,6.37%
2718,Failed,15,0,6.26%,6.88%
2719,Failed,16,0,4.53%,6.39%
2720,Failed,19,0,6.48%,6.30%
2721,Failed,16,0,6.97%,6.02%
2722,Failed,24,0,9.26%,6.30%
2723,Failed,20,0,8.55%,6.18%
2724,Failed,18,0,8.69%,6.35%
2725,Failed,26,0,9.70%,5.97%
2726,Failed,25,0,8.91%,6.00%
2727,Failed,22,0,8.88%,6.07%
2728,Failed,21,0,10.28%,5.93%
2729,Failed,12,0,2.29%,6.10%
2730,Failed,20,0,6.66%,5.59%
2731,Failed,16,0,6.78%,6.66%
2732,Failed,22,0,8.66%,6.60%
2733,Failed,17,0,6.35%,6.05%
2734,Failed,17,0,9.25%,6.64%
2735,Failed,19,0,6.13%,6.08%
2736,Failed,17,0,6.72%,6.49%
2737,Failed,26,0,9.96%,5.96%
2738,Failed,21,0,9.45%,5.78%
2739,Failed,22,0,7.80%,5.71%
2740,Failed,18,0,6.64%,5.94%
2741,Failed,18,0,7.73%,6.36%
2742,Failed,26,0,9.30%,5.74%
2743,Failed,19,0,7.87%,6.19%
2744,Failed,18,0,7.79%,6.30%
2745,Success,30,121219685,11.92%,5.86%
2746,Failed,20,0,6.13%,5.69%
2747,Failed,16,0,4.55%,6.14%
2748,Failed,21,0,7.85%,5.61%
2749,Failed,24,0,9.60%,6.27%
2750,Failed,17,0,6.36%,5.77%
2751,Failed,15,0,5.64%,5.88%
2752,Failed,20,0,6.83%,6.62%
2753,Failed,19,0,8.77%,6.66%
2754,Failed,21,0,8.52%,6.17%
2755,Failed,23,0,10.39%,5.87%
2756,Failed,16,0,5.94%,5.58%
2757,Failed,21,0,9.81%,5.46%
2758,Failed,13,0,3.99%,6.16%
2759,Failed,19,0,7.99%,5.82%
2760,Failed,24,0,8.70%,5.93%
2761,Failed,24,0,8.88%,6.27%
2762,Failed,20,0,8.60%,6.26%
2763,Failed,18,0,7.34%,6.51%
2764,Failed,22,0,7.47%,6.27%
2765,Failed,15,0,5.00%,6.40%
2766,Failed,28,0,10.39%,6.05%
2767,Failed,15,0,3.67%,6.10%
2768,Success,30,20370739,10.33%,5.63%
2769,Failed,17,0,6.23%,5.82%
2770,Success,30,9014613,10.14%,5.83%
2771,Failed,24,0,8.25%,5.94%
2772,Failed,26,0,8.62%,5.91%
2773,Failed,14,0,3.03%,5.96%
2774,Failed,21,0,9.80%,5.93%
2775,Failed,27,0,10.77%,5.94%
2776,Success,30,20629405,10.46%,5.87%
2777,Failed,25,0,8.13%,5.91%
2778,Failed,17,0,5.41%,6.45%
2779,Failed,17,0,7.67%,5.63%
2780,Failed,17,0,6.73%,4.92%
2781,Failed,15,0,5.67%,6.23%
2782,Success,30,5886385,9.67%,5.95%
2783,Failed,18,0,8.83%,5.63%
2784,Failed,23,0,9.76%,5.96%
2785,Failed,22,0,8.59%,6.23%
2786,Success,30,395626,10.32%,5.92%
2787,Failed,21,0,8.56%,6.15%
2788,Failed,20,0,6.54%,6.30%
2789,Failed,17,0,6.26%,6.62%
2790,Failed,29,0,10.62%,5.90%
2791,Failed,15,0,6.71%,6.60%
2792,Failed,16,0,5.50%,6.02%
2793,Failed,27,0,9.14%,5.49%
2794,Failed,24,0,9.11%,5.75%
2795,Failed,16,0,6.77%,6.76%
2796,Failed,29,0,10.00%,5.99%
2797,Failed,14,0,5.05%,6.09%
2798,Failed,23,0,9.74%,5.87%
2799,Failed,25,0,10.14%,6.05%
2800,Failed,18,0,6.13%,6.40%
2801,Failed,20,0,9.84%,6.38%
2802,Failed,24,0,8.63%,6.49%
2803,Failed,13,0,3.91%,6.10%
2804,Failed,16,0,7.03%,6.38%
2805,Failed,25,0,9.22%,5.90%
2806,Failed,14,0,5.50%,6.46%
2807,Failed,24,0,10.73%,5.89%
2808,Failed,28,0,9.86%,5.37%
2809,Failed,24,0,8.60%,5.99%
2810,Failed,17,0,4.97%,6.31%
2811,Failed,15,0,6.12%,6.29%
2812,Failed,22,0,7.76%,5.47%
2813,Failed,20,0,7.01%,6.93%
2814,Failed,17,0,5.32%,6.11%
2815,Failed,18,0,6.66%,5.45%
2816,Failed,25,0,10.11%,6.07%
2817,Failed,16,0,5.44%,6.36%
2818,Failed,24,0,9.29%,6.12%
2819,Failed,14,0,3.55%,6.62%
2820,Failed,20,0,9.73%,5.75%
2821,Failed,21,0,8.53%,5.73%
2822,Failed,20,0,7.28%,6.31%
2823,Failed,19,0,7.11%,6.11%
2824,Failed,25,0,9.20%,5.90%
2825,Failed,21,0,6.87%,5.96%
2826,Failed,17,0,8.88%,6.67%
2827,Failed,19,0,6.01%,5.73%
2828,Failed,19,0,8.04%,6.14%
2829,Failed,18,0,5.95%,5.56%
2830,Failed,19,0,7.63%,5.83%
2831,Failed,22,0,8.18%,5.43%
2832,Failed,23,0,9.29%,5.98%
2833,Failed,19,0,8.79%,6.14%
2834,Failed,24,0,9.21%,5.88%
2835,Failed,20,0,8.73%,5.79%
2836,Failed,20,0,7.05%,5.27%
2837,Failed,16,0,6.47%,6.17%
2838,Failed,23,0,8.91%,5.71%
2839,Failed,18,0,8.61%,6.06%
2840,Failed,21,0,9.84%,6.16%
2841,Failed,22,0,8.77%,6.20%
2842,Failed,18,0,8.13%,6.32%
2843,Failed,22,0,8.98%,5.87%
2844,Failed,26,0,8.42%,5.59%
2845,Failed,20,0,6.60%,5.52%
2846,Failed,27,0,9.17%,6.07%
2847,Failed,22,0,8.24%,5.35%
2848,Failed,14,0,6.77%,5.66%
2849,Failed,17,0,3.86%,5.92%
2850,Failed,17,0,7.09%,5.67%
2851,Failed,19,0,6.53%,5.44%
2852,Failed,25,0,7.83%,6.11%
2853,Failed,18,0,9.14%,6.56%
2854,Failed,19,0,7.88%,5.72%
2855,Failed,22,0,7.59%,5.84%
2856,Failed,25,0,10.56%,6.51%
2857,Failed,21,0,8.74%,6.27%
2858,Failed,21,0,7.53%,5.92%
2859,Failed,21,0,8.55%,5.98%
2860,Failed,21,0,8.04%,6.09%
2861,Failed,16,0,6.06%,5.90%
2862,Failed,17,0,4.98%,5.46%
2863,Failed,20,0,8.77%,6.31%
2864,Failed,15,0,5.08%,6.46%
2865,Failed,18,0,10.40%,5.88%
2866,Success,30,55619330,11.41%,5.98%
2867,Failed,27,0,8.21%,5.77%
2868,Failed,17,0,6.95%,6.00%
2869,Failed,18,0,8.19%,5.55%
2870,Failed,19,0,9.08%,6.16%
2871,Failed,20,0,8.71%,5.78%
2872,Failed,16,0,6.80%,5.70%
2873,Failed,23,0,10.15%,6.11%
2874,Failed,17,0,7.58%,6.49%
2875,Failed,16,0,4.96%,5.89%
2876,Failed,20,0,8.07%,5.82%
2877,Failed,25,0,7.65%,6.21%
2878,Failed,23,0,8.06%,5.80%
2879,Failed,17,0,7.06%,6.29%
2880,Failed,20,0,8.36%,5.88%
2881,Failed,21,0,8.29%,5.44%
2882,Failed,24,0,7.84%,6.15%
2883,Failed,28,0,10.28%,5.81%
2884,Failed,16,0,5.56%,5.42%
2885,Failed,24,0,9.34%,6.30%
2886,Failed,26,0,9.40%,5.84%
2887,Failed,18,0,8.58%,6.33%
2888,Failed,24,0,8.95%,5.95%
2889,Failed,18,0,7.48%,6.24%
2890,Success,30,6838310,9.58%,6.29%
2891,Failed,20,0,8.89%,6.05%
2892,Failed,23,0,8.73%,6.06%
2893,Failed,15,0,5.73%,5.76%
2894,Failed,19,0,9.20%,6.33%
2895,Failed,24,0,8.80%,6.20%
2896,Failed,21,0,8.19%,6.23%
2897,Failed,19,0,7.96%,6.47%
2898,Failed,14,0,3.32%,6.35%
2899,Failed,21,0,8.27%,6.48%
2900,Failed,23,0,8.76%,5.54%
2901,Failed,15,0,6.64%,5.85%
2902,Failed,23,0,8.31%,6.05%
2903,Failed,28,0,9.46%,6.05%
2904,Failed,18,0,7.19%,6.07%
2905,Failed,15,0,7.90%,5.45%
2906,Failed,17,0,5.76%,5.46%
2907,Failed,22,0,8.69%,5.87%
2908,Success,30,32010903,10.69%,5.60%
2909,Failed,17,0,7.92%,6.25%
2910,Failed,18,0,6.86%,6.61%
2911,Failed,26,0,9.65%,6.06%
2912,Failed,20,0,7.09%,6.33%
2913,Failed,19,0,9.76%,6.22%
2914,Failed,16,0,8.73%,7.08%
2915,Failed,21,0,9.56%,6.13%
2916,Failed,16,0,4.32%,6.16%
2917,Failed,16,0,6.12%,5.63%
2918,Failed,22,0,8.31%,6.15%
2919,Failed,19,0,7.43%,5.90%
2920,Failed,27,0,8.39%,5.94%
2921,Failed,23,0,8.47%,6.33%
2922,Failed,26,0,9.54%,6.12%
2923,Failed,16,0,9.19%,6.90%
2924,Failed,18,0,7.27%,6.03%
2925,Failed,21,0,10.49%,6.51%
2926,Failed,21,0,6.94%,5.77%
2927,Failed,26,0,8.63%,5.95%
2928,Failed,19,0,7.15%,5.72%
2929,Failed,23,0,9.06%,5.88%
2930,Failed,15,0,3.43%,6.32%
2931,Failed,17,0,7.85%,6.20%
2932,Failed,14,0,4.34%,5.15%
2933,Failed,15,0,3.57%,6.00%
2934,Failed,23,0,7.87%,5.45%
2935,Failed,29,0,9.97%,5.98%
2936,Failed,27,0,8.96%,5.87%
2937,Failed,19,0,9.22%,6.16%
2938,Failed,25,0,9.32%,5.99%
2939,Success,30,12228828,10.41%,5.92%
2940,Failed,23,0,9.28%,6.07%
2941,Failed,18,0,7.38%,5.74%
2942,Failed,20,0,7.32%,5.42%
2943,Failed,18,0,8.30%,6.15%
2944,Failed,18,0,6.82%,6.12%
2945,Failed,22,0,8.63%,5.78%
2946,Failed,24,0,8.60%,5.98%
2947,Failed,28,0,10.22%,5.75%
2948,Failed,20,0,7.83%,6.34%
2949,Failed,16,0,5.34%,6.04%
2950,Failed,16,0,7.18%,5.48%
2951,Failed,15,0,5.33%,6.02%
2952,Failed,15,0,5.67%,6.13%
2953,Failed,15,0,4.44%,5.92%
2954,Failed,26,0,8.70%,6.02%
2955,Failed,22,0,9.53%,6.33%
2956,Failed,17,0,6.77%,6.05%
2957,Failed,21,0,7.99%,6.36%
2958,Failed,26,0,11.26%,5.45%
2959,Failed,22,0,9.15%,6.51%
2960,Failed,28,0,10.15%,6.51%
2961,Failed,15,0,3.14%,5.57%
2962,Failed,16,0,6.86%,5.66%
2963,Failed,18,0,7.67%,5.97%
2964,Failed,21,0,7.17%,6.35%
2965,Failed,25,0,8.22%,6.04%
2966,Failed,20,0,9.84%,5.61%
2967,Failed,14,0,5.98%,5.84%
2968,Failed,20,0,7.99%,5.33%
2969,Failed,22,0,8.40%,5.84%
2970,Success,30,46528918,11.81%,6.14%
2971,Failed,17,0,5.49%,5.92%
2972,Failed,24,0,10.16%,5.84%
2973,Failed,17,0,8.49%,6.48%
2974,Failed,23,0,9.15%,6.07%
2975,Failed,19,0,8.78%,6.39%
2976,Failed,25,0,10.02%,5.88%
2977,Failed,21,0,8.34%,5.43%
2978,Failed,15,0,4.97%,5.82%
2979,Failed,27,0,9.83%,6.00%
2980,Failed,17,0,5.47%,6.09%
2981,Failed,18,0,6.83%,6.22%
2982,Failed,18,0,7.71%,5.75%
2983,Success,30,69169959,11.08%,5.09%
2984,Failed,28,0,10.26%,6.04%
2985,Failed,22,0,8.31%,6.03%
2986,Failed,18,0,7.14%,6.22%
2987,Failed,24,0,10.42%,5.98%
2988,Failed,29,0,9.97%,5.23%
2989,Failed,20,0,7.46%,5.68%
2990,Failed,18,0,5.86%,5.75%
2991,Failed,25,0,8.86%,6.05%
2992,Failed,19,0,6.37%,6.22%
2993,Failed,20,0,6.85%,6.28%
2994,Failed,29,0,10.28%,6.26%
2995,Failed,20,0,7.80%,6.02%
2996,Failed,22,0,10.31%,6.00%
2997,Failed,29,0,10.81%,5.58%
2998,Failed,21,0,9.34%,6.61%
2999,Failed,21,0,6.08%,6.14%
3000,Failed,19,0,7.84%,6.00%
